age,monthly_salary,credit_score,existing_emi,requested_amount,tenure_months,missed_payments,proposed_emi,foir,approved
53,223059,760,3267,1721624,24,0,71734.33333333333,33.62398886991035,1
39,206922,799,6564,386633,24,0,16109.708333333334,10.957611241595062,1
32,203184,780,21312,1919374,48,0,39986.958333333336,30.1691857298475,1
45,181789,805,18990,1034874,48,0,21559.875,22.306011364824055,1
43,215130,828,11411,1089493,48,0,22697.770833333332,15.854957854940421,1
47,236492,822,5906,596210,24,0,24842.083333333332,13.001743540302984,1
35,98890,836,16028,978799,84,0,11652.369047619048,27.991069923772926,1
35,126017,832,19657,1636564,48,0,34095.083333333336,42.654628608309466,1
48,238376,758,7611,1610295,36,0,44730.416666666664,21.957502712801062,1
48,223993,848,17297,988245,48,0,20588.4375,16.913670293268094,1
27,192596,770,2011,1079459,60,0,17990.983333333334,10.3854614495282,1
46,160424,822,17826,284381,48,0,5924.604166666667,14.804894633388187,1
26,75048,777,21930,1041708,24,0,43404.5,87.05695021852681,0
48,226183,811,11246,393984,48,0,8208.0,8.60100007516038,1
54,228976,756,13790,1308848,60,0,21814.133333333335,15.549286096941744,1
26,114912,829,11738,1744492,36,0,48458.11111111111,52.38452999783409,1
45,94008,765,14730,1945987,84,0,23166.511904761905,40.31200738741587,1
57,191132,846,11120,1196358,48,0,24924.125,18.858236715986855,1
36,143559,753,18213,938096,60,0,15634.933333333332,23.577716014553832,1
46,115337,753,8767,453091,60,0,7551.516666666666,14.148553080682404,1
49,170616,789,22852,1052050,36,0,29223.61111111111,30.52211463819988,1
51,73350,766,13703,464064,24,0,19336.0,45.04294478527607,1
52,84354,801,929,1354697,48,0,28222.854166666668,34.558947016936564,1
40,105186,842,11951,670435,60,0,11173.916666666666,21.98478568123768,1
39,88145,801,20083,801160,36,0,22254.444444444445,48.03158936348567,1
27,225092,785,15845,464237,84,0,5526.630952380952,9.494620400716576,1
31,146123,787,17438,475049,60,0,7917.483333333334,17.35215081358399,1
45,80581,799,15747,846047,36,0,23501.305555555555,48.70664989954897,1
33,148929,812,5744,617567,24,0,25731.958333333332,21.134875231374235,1
42,83051,812,18284,1541701,24,0,64237.541666666664,99.36249011651475,0
28,111474,811,9649,1619920,60,0,26998.666666666668,32.87552852384114,1
49,151748,848,6980,282289,60,0,4704.816666666667,7.7001454165238865,1
38,185995,756,7069,840794,48,0,17516.541666666668,13.218388487145713,1
33,129626,776,9591,1851377,36,0,51427.13888888889,47.07245374299052,1
50,66960,841,19799,1661666,60,0,27694.433333333334,70.92806650736759,0
26,226844,835,442,1954867,48,0,40726.395833333336,18.148329174822052,1
44,212592,763,22602,1649466,48,0,34363.875,26.79586955294649,1
52,240553,820,4652,1561236,60,0,26020.6,12.75086987067299,1
31,96408,835,24323,459480,24,0,19145.0,45.08754460210771,1
32,154006,754,24217,1964622,36,0,54572.833333333336,51.160236181274335,1
59,117134,804,9370,1736643,36,0,48240.083333333336,49.18305814992516,1
38,211563,751,7597,1579932,24,0,65830.5,34.7071557881104,1
41,192413,811,14325,333498,60,0,5558.3,10.333657289268396,1
28,235695,840,4458,1502600,36,0,41738.88888888889,19.6002837942633,1
26,150327,770,6591,1903834,60,0,31730.566666666666,25.492138249726704,1
30,191410,828,16346,1338585,60,0,22309.75,20.1952614805914,1
28,203326,770,11826,923858,48,0,19247.041666666668,15.282374938112522,1
53,242932,759,18693,623159,24,0,25964.958333333332,18.382904818357947,1
42,71344,836,14138,921755,60,0,15362.583333333334,41.349774800029905,1
50,192822,807,22652,244816,84,0,2914.4761904761904,13.259107462051109,1
58,245828,788,17294,204138,24,0,8505.75,10.495041248352505,1
34,127957,754,20724,1339752,36,0,37215.333333333336,45.28031552266256,1
38,165423,814,20393,1586665,48,0,33055.520833333336,32.31021129669595,1
55,118053,762,23012,990449,36,0,27512.472222222223,42.798126453560876,1
39,206968,834,2169,996883,36,0,27691.194444444445,14.427445037128662,1
32,246833,839,18556,1966892,24,0,81953.83333333333,40.71977139739554,1
38,137454,834,22052,556007,36,0,15444.638888888889,27.279409030576694,1
47,150600,802,6313,996710,60,0,16611.833333333332,15.222332890659581,1
45,182732,831,8315,421552,36,0,11709.777777777777,10.958550104950298,1
40,219007,794,8036,243764,48,0,5078.416666666667,5.988126711322774,1
42,97641,781,23173,323030,48,0,6729.791666666667,30.625241104317517,1
48,89711,785,785,1118638,84,0,13317.119047619048,15.719498219414618,1
50,130342,830,6139,1868531,48,0,38927.729166666664,34.57575391406198,1
49,166896,848,6344,516462,36,0,14346.166666666666,12.397041670661169,1
53,203254,809,18800,1089855,48,0,22705.3125,20.42041608037234,1
39,147833,760,20538,1614718,24,0,67279.91666666667,59.40345975977398,0
25,116276,812,14973,260128,48,0,5419.333333333333,17.53786966642586,1
49,79541,770,5619,419128,60,0,6985.466666666666,15.846502642243204,1
31,154457,801,1936,1008301,24,0,42012.541666666664,28.453577155238456,1
33,104813,804,3807,1482116,84,0,17644.238095238095,20.46619989432427,1
48,228270,775,7151,205039,60,0,3417.3166666666666,4.629744016588543,1
25,199892,817,9493,352353,36,0,9787.583333333334,9.645500236794536,1
32,84070,783,12355,312935,36,0,8692.638888888889,25.03584975483394,1
48,202194,801,3236,1783306,36,0,49536.27777777778,26.09982382156631,1
35,140559,831,15848,1538306,60,0,25638.433333333334,29.51531622545218,1
41,101786,848,2352,253053,60,0,4217.55,6.454276619574402,1
32,197809,842,1932,1430137,60,0,23835.616666666665,13.026513791923858,1
59,96062,801,10913,1987040,24,0,82793.33333333333,97.54776429111753,0
59,245309,778,8556,286346,24,0,11931.083333333334,8.351541661061491,1
57,111571,787,21300,529231,36,0,14700.861111111111,32.26722097239526,1
29,85510,791,5498,605841,48,0,12621.6875,21.19013858028301,1
52,79426,770,10582,758685,36,0,21074.583333333332,39.856700996315226,1
31,97265,791,17330,1569391,84,0,18683.22619047619,37.025884121190764,1
33,208922,762,13865,316214,24,0,13175.583333333334,12.942908517692409,1
32,126150,813,9569,685001,60,0,11416.683333333332,16.635500066058924,1
36,147312,766,17823,1053329,24,0,43888.708333333336,41.89184067376272,1
58,149613,758,24114,1930085,60,0,32168.083333333332,37.618444475636025,1
57,134910,790,4857,1187410,84,0,14135.833333333334,14.07815086600944,1
47,112375,750,340,1647075,84,0,19608.035714285714,17.751310980454473,1
48,181826,751,11181,600826,24,0,25034.416666666668,19.917622708890185,1
59,95435,809,16766,636542,60,0,10609.033333333333,28.68447983793507,1
46,156443,797,8491,1525644,84,0,18162.428571428572,17.03714999803671,1
51,248204,778,138,837431,36,0,23261.972222222223,9.427717612215043,1
59,194055,846,358,572397,36,0,15899.916666666666,8.377994211263129,1
25,211734,759,21315,562441,60,0,9374.016666666666,14.494137298056367,1
59,83510,807,9714,1083520,24,0,45146.666666666664,65.69352971699996,0
38,232070,809,19840,734391,84,0,8742.75,12.316434696427802,1
27,247918,770,1627,1724314,24,0,71846.41666666667,29.63617674661246,1
25,154071,777,15996,626674,36,0,17407.61111111111,21.68066093626387,1
29,66640,824,23010,1208109,84,0,14382.25,56.110819327731086,0
50,104547,783,5004,282409,24,0,11767.041666666666,16.04162880490752,1
38,114620,757,13283,1271824,48,0,26496.333333333332,34.7054033618333,1
51,206389,808,6652,1730952,60,0,28849.2,17.201110524301196,1
33,175608,835,22800,898876,60,0,14981.266666666666,21.514547552882934,1
39,67564,821,19554,1928106,48,0,40168.875,88.39452223077379,0
39,218417,798,20219,1256600,36,0,34905.555555555555,25.238216601984075,1
50,173824,828,24401,675430,84,0,8040.833333333333,18.663609934953364,1
37,139273,766,2151,1483440,60,0,24724.0,19.29663323113597,1
56,134859,809,9429,1423451,48,0,29655.229166666668,28.981550483591505,1
56,170017,836,14072,1136800,48,0,23683.333333333332,22.206798927950338,1
28,183618,837,11927,1602549,36,0,44515.25,30.738952608132102,1
54,243465,794,6905,1660049,36,0,46112.47222222222,21.77621926035456,1
47,185341,832,19218,1392503,24,0,58020.958333333336,41.67397301910174,1
39,89430,818,12452,1333754,60,0,22229.233333333334,38.780312348578036,1
53,87788,781,16212,1247380,24,0,51974.166666666664,77.67139776127337,0
37,239615,793,18951,1087553,48,0,22657.354166666668,17.364670061000634,1
56,204991,814,1307,1765116,84,0,21013.285714285714,10.888422279166262,1
31,129346,836,14852,1006457,84,0,11981.630952380952,20.745621010607945,1
46,156122,757,2660,1646250,36,0,45729.166666666664,30.994457326108215,1
52,99974,826,10403,1312186,84,0,15621.261904761905,26.03102997255477,1
26,167309,821,20114,1843707,84,0,21948.89285714286,25.14084290572704,1
30,76371,836,10238,831525,84,0,9899.107142857143,26.3674786802021,1
52,105084,792,6207,1725753,48,0,35953.1875,40.12046315328689,1
52,220701,750,19546,1953767,84,0,23259.130952380954,19.395077934572548,1
44,242256,800,1140,898787,84,0,10699.845238095239,4.887327966322914,1
54,121916,773,24842,1735601,84,0,20661.916666666668,37.32399083521988,1
35,133972,848,1708,1903163,24,0,79298.45833333333,60.46521536838543,0
52,72984,773,3630,1680298,48,0,35006.208333333336,52.93791561620812,1
49,93039,766,19595,1254244,36,0,34840.11111111111,58.507841992187274,0
57,145431,754,10485,1471118,24,0,61296.583333333336,49.35782834012923,1
25,143691,769,12021,378267,60,0,6304.45,12.753373558538811,1
51,118606,770,22922,355489,48,0,7406.020833333333,25.57039343147339,1
37,201688,807,16859,544126,48,0,11335.958333333334,13.979492252059286,1
27,162665,780,7684,1878997,60,0,31316.616666666665,23.976034590518346,1
30,165373,849,1207,508362,60,0,8472.7,5.85325294939319,1
32,241144,760,13331,1113081,60,0,18551.35,13.221291012838801,1
51,84574,801,1960,1982988,36,0,55083.0,67.4474424764112,0
33,194502,764,557,1337411,84,0,15921.559523809523,8.472179989825051,1
57,203748,832,15883,1870357,48,0,38965.770833333336,26.919906371269086,1
48,201888,756,13893,1015359,84,0,12087.607142857143,12.86882189276091,1
39,92733,777,882,1945030,84,0,23155.119047619046,25.920782297153167,1
56,62050,800,4761,301948,60,0,5032.466666666666,15.783185603008326,1
56,169996,807,5867,1433770,36,0,39826.944444444445,26.879423306692185,1
48,93933,754,23347,1802357,24,0,75098.20833333333,104.80364550619412,0
36,84951,754,12869,1715331,36,0,47648.083333333336,71.23763502882053,0
26,92413,843,7166,493851,84,0,5879.178571428572,14.116172585489675,1
27,225873,845,12982,1972750,36,0,54798.61111111111,30.00828390782037,1
41,246691,757,7929,1386944,60,0,23115.733333333334,12.584461262605176,1
26,223985,813,5347,1405046,24,0,58543.583333333336,28.524491967468062,1
26,172573,759,7269,497986,60,0,8299.766666666666,9.021554163552043,1
52,231672,787,24509,213261,24,0,8885.875,14.414722107116958,1
47,248847,845,13527,1325285,84,0,15777.202380952382,11.775991826685626,1
56,226472,841,2454,1868849,24,0,77868.70833333333,35.46694882075194,1
57,195566,830,20878,568760,24,0,23698.333333333332,22.79349852905583,1
25,182744,844,18330,1053605,24,0,43900.208333333336,34.053215609450014,1
43,149431,757,12991,1542501,36,0,42847.25,37.36724642142527,1
26,103001,774,2808,475796,36,0,13216.555555555555,15.557669882385175,1
50,127364,822,6642,1515823,84,0,18045.511904761905,19.383430093874175,1
56,184988,815,3825,1536220,24,0,64009.166666666664,36.66949567899899,1
30,105028,828,3536,970692,48,0,20222.75,22.62134859275622,1
56,228645,799,22452,1873200,84,0,22300.0,19.572700037175533,1
28,191878,816,15309,628745,24,0,26197.708333333332,21.631822477477005,1
35,184343,798,3802,837787,24,0,34907.791666666664,20.99878577796101,1
41,247710,785,21083,873812,36,0,24272.555555555555,18.30994128438721,1
48,188301,817,18354,1035825,84,0,12331.25,16.295850792082888,1
29,186295,827,22190,1672966,24,0,69706.91666666667,49.32870805264053,1
58,220829,790,6142,1706242,24,0,71093.41666666667,34.97521460798476,1
30,94636,838,19203,890796,84,0,10604.714285714286,31.497225459354038,1
46,239352,811,9094,1558126,48,0,32460.958333333332,17.361441865258417,1
35,84262,759,364,525203,84,0,6252.416666666667,7.8521951373889385,1
40,140435,770,20642,1919890,84,0,22855.833333333332,30.973641423671683,1
57,245914,785,19503,544866,48,0,11351.375,12.546815146758622,1
33,188583,761,15688,975107,84,0,11608.416666666666,14.474484267758317,1
30,248051,840,1863,736644,24,0,30693.5,13.124921891062725,1
40,229269,751,16499,852416,84,0,10147.809523809523,11.622508722858093,1
53,101844,762,7084,1216003,48,0,25333.395833333332,31.830442474110733,1
27,124754,802,8016,1250763,60,0,20846.05,23.13517001458871,1
44,225229,781,2384,1734263,84,0,20645.988095238095,10.22514334088332,1
43,137129,844,15072,876585,36,0,24349.583333333332,28.74780924044756,1
50,100042,765,3935,1907542,24,0,79480.91666666667,83.38089669005684,0
27,121665,781,13127,1674620,24,0,69775.83333333333,68.14024849655475,0
43,176953,781,14482,1374846,36,0,38190.166666666664,29.76619026897914,1
44,218448,847,7742,531607,36,0,14766.861111111111,10.30399047421405,1
56,246626,760,16165,1189336,84,0,14158.761904761905,12.29544407514289,1
31,205271,759,21826,967286,36,0,26869.055555555555,23.722325879230656,1
57,178533,764,2490,1229933,60,0,20498.883333333335,12.876545699301156,1
42,242020,766,23364,1120095,48,0,23335.3125,19.295641889100075,1
25,133781,789,13324,1240950,36,0,34470.833333333336,35.72617436955422,1
35,126262,767,24045,965791,36,0,26827.527777777777,40.29124184455955,1
52,106600,804,18108,1166020,60,0,19433.666666666668,35.21732332707943,1
49,136898,822,24566,553827,24,0,23076.125,34.80118409326652,1
47,209369,774,19151,1834925,24,0,76455.20833333333,45.66397524625581,1
55,90448,808,1137,1329833,84,0,15831.345238095239,18.760332166654027,1
54,86172,827,20501,261753,60,0,4362.55,28.853397855451885,1
59,233946,838,3420,1071206,48,0,22316.791666666668,11.001167648374697,1
31,67657,771,5845,1652879,48,0,34434.979166666664,59.53556788900877,0
40,216497,779,21162,1672608,60,0,27876.8,22.65102980641764,1
50,217757,833,3906,1271984,48,0,26499.666666666668,13.963117909718939,1
26,172855,834,20021,324116,24,0,13504.833333333334,19.395350631068432,1
25,215650,793,19337,1222780,48,0,25474.583333333332,20.779774325682045,1
36,219903,781,22313,855496,48,0,17822.833333333332,18.251607905910028,1
29,67906,800,12413,217413,60,0,3623.55,23.615807145171267,1
56,121413,795,276,837938,60,0,13965.633333333333,11.72990810978506,1
33,114028,770,18383,1308076,48,0,27251.583333333332,40.02050665918312,1
59,67287,848,17611,1070946,36,0,29748.5,70.38432386642293,0
43,93660,781,6337,1304934,60,0,21748.9,29.987080931027123,1
40,120504,843,11944,266197,84,0,3169.0119047619046,12.5415022777351,1
27,162979,788,20119,693992,84,0,8261.809523809523,17.41378307868469,1
44,94701,761,15906,1996725,24,0,83196.875,104.6481821733667,0
48,143300,796,17079,423492,48,0,8822.75,18.075191905094208,1
57,208746,767,20536,985833,36,0,27384.25,22.95624826343978,1
48,143560,770,24285,626070,24,0,26086.25,35.087245750905545,1
35,214946,762,23854,276240,48,0,5755.0,13.775087696444688,1
32,103642,770,12306,435595,60,0,7259.916666666667,18.87836655667265,1
44,125160,757,23921,1771286,84,0,21086.738095238095,35.9601614695095,1
59,77602,795,10503,1993999,36,0,55388.86111111111,84.91000375133517,0
49,163320,756,19225,1527042,84,0,18179.071428571428,22.902321472306777,1
59,148801,772,4208,1255544,60,0,20925.733333333334,16.890836307103672,1
49,85931,845,11590,489662,48,0,10201.291666666666,25.359057460830975,1
53,154377,824,10886,1038357,60,0,17305.95,18.261755313291488,1
42,89192,835,12866,390920,60,0,6515.333333333333,21.729901037462252,1
42,106542,771,1088,1098332,84,0,13075.380952380952,13.29370666251896,1
26,187015,838,3363,1079854,36,0,29995.944444444445,17.83757690262516,1
59,102520,771,24,1512420,60,0,25207.0,24.610807647288336,1
40,124772,841,9764,432076,84,0,5143.761904761905,11.948002680699119,1
57,249834,778,22528,1271775,36,0,35327.083333333336,23.157409853476043,1
28,110106,762,22052,637805,48,0,13287.604166666666,32.09598402145811,1
57,141121,831,20620,363187,48,0,7566.395833333333,19.97321152297201,1
38,85559,751,9959,655150,24,0,27297.916666666668,43.54529233238662,1
45,165595,778,12935,709551,84,0,8447.035714285714,12.91224717792549,1
44,93742,834,8068,1762518,36,0,48958.833333333336,60.83381337429683,0
32,129669,828,18619,1958252,60,0,32637.533333333333,39.52874883999517,1
31,212826,801,7295,1254096,48,0,26127.0,15.70390835706164,1
27,195044,776,8392,1882678,36,0,52296.61111111111,31.115343774282266,1
41,130831,799,11390,367527,84,0,4375.321428571428,12.050142113544519,1
57,172217,844,8448,970644,24,0,40443.5,28.38947374533292,1
36,101873,828,20131,847652,48,0,17659.416666666668,37.09561578305014,1
46,166532,772,10433,1787819,36,0,49661.63888888889,36.085940773478306,1
46,186267,837,15038,1423697,36,0,39547.13888888889,29.304782322627677,1
54,200975,793,19559,1917853,36,0,53273.694444444445,36.239678788130085,1
32,194092,826,11528,1187797,84,0,14140.440476190477,13.224883290496505,1
51,101755,771,21281,1720373,84,0,20480.630952380954,41.04135516916216,1
51,145956,792,21421,450144,84,0,5358.857142857143,18.347897409395397,1
58,146988,786,15743,264925,60,0,4415.416666666667,13.71432815377219,1
45,105648,810,23811,569360,36,0,15815.555555555555,37.5080981708651,1
54,185991,846,8605,794557,48,0,16553.270833333332,13.526606574153229,1
57,200588,805,2014,1148458,84,0,13672.119047619048,7.820068522353804,1
52,175005,752,1381,1190121,84,0,14168.107142857143,8.884950225911913,1
57,62396,812,1098,1552178,36,0,43116.055555555555,70.86040059547976,0
29,144082,768,19810,1599757,84,0,19044.72619047619,26.967092482389326,1
43,210201,772,20039,1925049,60,0,32084.15,24.796813526101207,1
28,188322,778,24322,1348553,60,0,22475.883333333335,24.849929022277443,1
59,192663,779,9101,1754414,84,0,20885.880952380954,15.564421270498723,1
41,71303,788,187,1767739,36,0,49103.86111111111,69.1287338696985,0
52,221633,774,11948,683442,36,0,18984.5,13.956631007115366,1
54,131719,757,10207,1030371,36,0,28621.416666666668,29.47822004924625,1
53,159616,807,21793,1277921,24,0,53246.708333333336,47.012648063686186,1
30,184165,765,2092,979976,84,0,11666.380952380952,7.470681699769746,1
59,146231,821,18514,1620827,36,0,45022.97222222222,43.44972832178007,1
48,67314,750,5242,1209869,60,0,20164.483333333334,37.743238157490765,1
53,79623,754,8549,693814,48,0,14454.458333333334,28.890469253021532,1
55,165228,752,22031,531310,48,0,11068.958333333334,20.03289898403015,1
59,224202,814,5185,1951797,36,0,54216.583333333336,26.494671471857224,1
57,242828,753,15271,297406,48,0,6195.958333333333,8.840396631909554,1
45,157624,848,5776,1560018,48,0,32500.375,24.283342003755774,1
56,217364,845,12449,1164725,24,0,48530.208333333336,28.053959410635308,1
47,171785,813,24297,1555662,60,0,25927.7,29.236953168204437,1
57,146206,847,23931,1776317,60,0,29605.283333333333,36.61702210123616,1
27,129274,838,7823,1875675,24,0,78153.125,66.50689620496001,0
42,193541,759,15717,779223,24,0,32467.625,24.89633979363546,1
49,113947,770,7355,584583,48,0,12178.8125,17.142893187183514,1
55,213606,795,6465,1947306,84,0,23182.214285714286,13.879392098402802,1
27,108874,840,12737,1221436,48,0,25446.583333333332,35.07135159297291,1
48,109708,776,17881,994760,24,0,41448.333333333336,54.079313571784496,1
56,134553,815,13324,1264110,60,0,21068.5,25.560559779417773,1
46,128344,790,10350,1202429,48,0,25050.604166666668,27.58259378441273,1
47,109138,762,2555,1809184,84,0,21537.904761904763,22.07563338333556,1
26,245374,758,21793,1822034,48,0,37959.041666666664,24.35141525453661,1
51,107638,785,2951,1349122,36,0,37475.61111111111,37.55793596230988,1
26,138249,835,17622,804489,48,0,16760.1875,24.86975493493624,1
50,165865,839,4727,1246439,24,0,51934.958333333336,34.16149177543987,1
41,62719,807,20349,958761,60,0,15979.35,57.92239991071286,0
57,213962,803,5686,1519360,60,0,25322.666666666668,14.492604605802276,1
33,227581,761,3701,431324,24,0,17971.833333333332,9.523129493821248,1
53,102534,830,2780,684273,36,0,19007.583333333332,21.249130369763524,1
50,152241,827,23782,1933985,24,0,80582.70833333333,68.55230084755968,0
59,209859,763,17972,1647410,48,0,34321.041666666664,24.918179190154657,1
49,186209,783,2368,1482188,24,0,61757.833333333336,34.437558513999505,1
48,239917,802,15592,1959989,24,0,81666.20833333333,40.53827295828697,1
37,249004,769,22173,1119424,36,0,31095.11111111111,21.39247205310401,1
31,152124,824,436,506081,48,0,10543.354166666666,7.217371464507025,1
44,151659,765,2828,925084,84,0,11012.904761904761,9.126332602684155,1
25,224134,844,1556,1391855,84,0,16569.70238095238,8.086993664929185,1
32,135713,819,23954,1445422,60,0,24090.366666666665,35.40144766283751,1
40,135418,805,13364,888332,24,0,37013.833333333336,37.20172601377463,1
38,188232,832,23864,1652591,60,0,27543.183333333334,27.31054408035474,1
36,225904,807,15061,926448,36,0,25734.666666666668,18.058850957338812,1
47,223038,753,10576,622132,84,0,7406.333333333333,8.06245273600612,1
39,204059,753,16566,270463,24,0,11269.291666666666,13.640805682016802,1
52,228383,769,7190,293500,36,0,8152.777777777777,6.718003431856914,1
58,91575,759,23071,1456348,36,0,40454.11111111111,69.36949070282404,0
26,123852,773,5565,761446,24,0,31726.916666666668,30.11006416260268,1
56,192079,848,23625,1333183,36,0,37032.86111111111,31.579642288387127,1
47,136242,775,15369,969305,24,0,40387.708333333336,40.924757661611935,1
46,238589,786,24035,533840,24,0,22243.333333333332,19.39667517502204,1
49,89257,834,21959,1047942,48,0,21832.125,49.06183828719316,1
46,233279,803,1589,320076,60,0,5334.6,2.967948250806974,1
46,204353,770,159,1307268,36,0,36313.0,17.847548115271124,1
30,121246,823,12145,855129,36,0,23753.583333333332,29.608055798404344,1
39,61435,787,15373,917104,48,0,19106.333333333332,56.12327392094625,0
57,151357,795,6555,1002242,48,0,20880.041666666668,18.126047468347462,1
32,217732,753,16237,1122630,48,0,23388.125,18.19903597082652,1
29,196156,809,9203,361081,84,0,4298.583333333333,6.883084551751327,1
28,204579,806,8244,1360294,84,0,16193.97619047619,11.945495965116748,1
30,143807,794,14743,1601652,84,0,19067.285714285714,23.51087618425091,1
56,236611,769,13333,724480,24,0,30186.666666666668,18.392917770799613,1
54,175953,766,13341,447536,36,0,12431.555555555555,14.647408998741456,1
59,198563,820,23230,236413,60,0,3940.2166666666667,13.683423732853889,1
40,241264,753,18691,1392464,24,0,58019.333333333336,31.795184251829262,1
37,183797,842,1228,1811946,36,0,50331.833333333336,28.05259788425999,1
54,123888,763,23610,1051480,36,0,29207.777777777777,42.63348974701164,1
43,133609,752,5590,1895994,48,0,39499.875,33.74763301873377,1
41,69077,837,23303,775228,48,0,16150.583333333334,57.115368839604116,0
43,80953,829,5585,1936066,24,0,80669.41666666667,106.54875874478607,0
52,174682,807,9227,764430,48,0,15925.625,14.399093781843577,1
50,127889,804,6046,1771356,36,0,49204.333333333336,43.20178696630151,1
50,214893,753,12237,236468,48,0,4926.416666666667,7.986959401500593,1
47,228639,773,15649,1148202,84,0,13669.07142857143,12.822865490389404,1
33,175374,783,4945,866015,48,0,18041.979166666668,13.107404271252676,1
36,84860,779,7927,1427545,36,0,39654.02777777778,56.07003037682981,0
25,212267,831,12641,1671867,24,0,69661.125,38.77292513673816,1
25,137475,768,15998,1126863,60,0,18781.05,25.298454264411713,1
58,147266,780,13386,1115480,48,0,23239.166666666668,24.87007636974364,1
56,212499,809,7016,1743989,36,0,48444.13888888889,26.099011707767517,1
49,160732,809,14027,1484763,60,0,24746.05,24.122794465321157,1
25,87083,768,15920,242056,60,0,4034.266666666667,22.91407814001202,1
40,117372,798,24142,251831,84,0,2997.9880952380954,23.123051575535985,1
29,183786,812,13752,1045623,60,0,17427.05,16.964866747195106,1
46,235136,832,21470,973952,36,0,27054.222222222223,20.636662281497607,1
53,67813,771,23545,1108380,36,0,30788.333333333332,80.12229710134241,0
27,91598,773,18268,626488,48,0,13051.833333333334,34.19270435307904,1
36,153106,825,18193,832405,48,0,17341.770833333332,23.209260795353106,1
50,87082,779,3167,476815,48,0,9933.645833333334,15.04403416703031,1
40,89241,807,11989,1537768,60,0,25629.466666666667,42.153793286344474,1
46,235641,780,22736,1193778,60,0,19896.3,18.092055287492414,1
53,71745,849,14087,768242,84,0,9145.738095238095,32.38237939262401,1
38,86029,813,22440,1714101,48,0,35710.4375,67.59399446698207,0
52,204097,768,2437,433192,24,0,18049.666666666668,10.03771082704139,1
29,183395,797,22852,1606150,84,0,19120.833333333332,22.886574515844668,1
54,205360,794,15275,725005,24,0,30208.541666666668,22.148199097519804,1
29,149186,849,22335,1522396,60,0,25373.266666666666,31.979050759901504,1
36,197612,843,5276,1646226,84,0,19597.928571428572,12.587256123832852,1
40,157768,804,8859,1429458,84,0,17017.35714285714,16.401524480792773,1
50,101846,804,7818,1367272,36,0,37979.77777777778,44.96767450638983,1
50,135932,846,4728,1212140,60,0,20202.333333333332,18.340297599780282,1
45,208554,767,19008,204994,60,0,3416.5666666666666,10.752403054684477,1
57,83411,812,5738,990666,84,0,11793.642857142857,21.0183822962713,1
54,242047,841,20616,269300,60,0,4488.333333333333,10.371677126067802,1
47,138797,796,5793,506093,84,0,6024.916666666667,8.51453321517516,1
34,112307,824,4523,761693,36,0,21158.13888888889,22.86690846419982,1
29,194165,806,5571,1545592,84,0,18399.904761904763,12.345636320606063,1
58,82042,794,16209,1552935,60,0,25882.25,51.30451476073231,1
55,112930,782,15246,1796049,60,0,29934.15,40.00721686000177,1
34,235485,766,10380,1947378,84,0,23183.071428571428,14.252742819530512,1
43,157883,819,2224,716479,84,0,8529.511904761905,6.811063828760478,1
56,93756,753,8389,1693551,84,0,20161.321428571428,30.451727279930275,1
25,113268,769,15927,539679,48,0,11243.3125,23.98763331214465,1
29,230286,796,22475,1906517,60,0,31775.283333333333,23.557786115236414,1
28,219674,840,11684,1300293,60,0,21671.55,15.184113732166757,1
40,244403,764,10640,1251339,48,0,26069.5625,15.020094884269014,1
48,108901,819,8662,555054,84,0,6607.785714285715,14.021713036873596,1
40,159986,796,6361,1304056,36,0,36223.77777777778,26.61781516993848,1
26,223268,827,1948,1942695,84,0,23127.321428571428,11.231041362206598,1
52,188386,824,12091,1455715,84,0,17329.940476190477,15.617370970343062,1
56,65626,758,11992,1366670,48,0,28472.291666666668,61.658933451172814,0
51,198496,839,23478,880667,60,0,14677.783333333333,19.222444448922566,1
44,72857,765,6318,951731,84,0,11330.130952380952,24.222972332625492,1
48,211054,818,20180,1783928,60,0,29732.133333333335,23.64898714704925,1
36,193052,810,12180,1325424,24,0,55226.0,34.9159811864161,1
59,239362,759,234,1810412,60,0,30173.533333333333,12.703575894809257,1
57,86431,799,15372,1416593,36,0,39349.805555555555,63.31270673202387,0
57,144976,752,19991,992908,36,0,27580.777777777777,32.81355381427118,1
36,142711,826,24427,644972,84,0,7678.238095238095,22.496680771095498,1
27,86385,843,522,1775246,60,0,29587.433333333334,34.85493237637707,1
25,229230,819,22288,642899,84,0,7653.559523809524,13.061797986218874,1
57,214091,830,12718,681215,48,0,14191.979166666666,12.569411683193907,1
34,78639,800,21272,900636,36,0,25017.666666666668,58.86349860332236,0
53,145530,768,9821,1733673,84,0,20638.964285714286,20.93036781812292,1
37,81563,791,5832,1752092,48,0,36501.916666666664,51.90333443677484,1
36,230413,784,12820,620162,84,0,7382.880952380952,8.768116795658646,1
55,175672,795,16211,1852562,60,0,30876.033333333333,26.803949026215523,1
26,196848,775,7122,970050,60,0,16167.5,11.831209867511989,1
59,227516,818,5842,1191437,60,0,19857.283333333333,11.295593862995716,1
47,199783,842,1316,245095,60,0,4084.9166666666665,2.703391513125074,1
41,142970,813,13200,1721722,24,0,71738.41666666667,59.40995780000466,0
50,145553,786,17508,592118,48,0,12335.791666666666,20.50372830973368,1
32,221779,833,22005,1794874,48,0,37393.208333333336,26.78261166897377,1
53,230182,798,21807,1665915,60,0,27765.25,21.53611055599482,1
50,142879,770,15206,550067,24,0,22919.458333333332,26.683738221385454,1
34,229899,823,18971,1906826,60,0,31780.433333333334,22.07553461882537,1
50,196727,813,22056,1641246,24,0,68385.25,45.97297269820614,1
58,104859,754,1378,1357738,60,0,22628.966666666667,22.894521849976318,1
31,244697,849,19758,583071,36,0,16196.416666666666,14.693444000811887,1
28,112098,819,1519,470170,36,0,13060.277777777777,13.005832198413689,1
35,206323,839,22161,1575645,84,0,18757.678571428572,19.832339861008503,1
53,182413,753,7935,1841706,60,0,30695.1,21.17727354958254,1
49,60526,788,6093,1544385,48,0,32174.6875,63.22520487063411,0
45,128760,784,24802,471421,84,0,5612.1547619047615,23.620809849258126,1
34,107837,750,5355,373311,36,0,10369.75,14.581961664363806,1
33,71536,773,21352,640880,60,0,10681.333333333334,44.77931857153508,1
48,88541,806,9083,1034440,84,0,12314.761904761905,24.167065997404485,1
59,139083,849,5574,856030,60,0,14267.166666666666,14.265702254529069,1
59,242099,819,20456,1468859,36,0,40801.63888888889,25.30272280715281,1
42,94531,790,13324,873249,84,0,10395.82142857143,25.09210886224776,1
56,68712,803,2257,1697404,36,0,47150.11111111111,71.90463254032936,0
48,164101,795,24972,899895,24,0,37495.625,38.06657180638753,1
47,125455,809,13411,540686,36,0,15019.055555555555,22.661556379224066,1
56,134744,809,15233,1565039,60,0,26083.983333333334,30.663319578855706,1
36,189749,806,15887,445144,48,0,9273.833333333334,13.260061098257875,1
37,65109,780,20808,1925575,36,0,53488.194444444445,114.110483104401,0
47,109268,833,19621,1444360,48,0,30090.833333333332,45.49532647557687,1
49,114615,773,20277,1134137,24,0,47255.708333333336,58.92135264436011,0
59,142503,838,2005,976505,84,0,11625.059523809523,9.56475268858166,1
54,220831,785,18400,1152164,84,0,13716.238095238095,14.543355821980652,1
41,145708,834,10860,531119,48,0,11064.979166666666,15.047203425115068,1
44,162471,779,10070,1411820,84,0,16807.380952380954,16.542879007565013,1
49,217661,773,9388,652413,36,0,18122.583333333332,12.63918815650637,1
46,221087,779,18156,1349734,48,0,28119.458333333332,20.930881658954767,1
37,220081,835,24737,1176351,60,0,19605.85,20.14842262621489,1
43,143309,841,20360,1063731,36,0,29548.083333333332,34.825505260195335,1
36,186446,756,18135,1006608,36,0,27961.333333333332,24.72369122069303,1
43,166661,784,23814,1312548,36,0,36459.666666666664,36.165429624607235,1
36,217215,804,14609,1106450,60,0,18440.833333333332,15.215262911554603,1
33,66154,841,23554,1731583,24,0,72149.29166666667,144.6674300369844,0
31,212876,763,22853,1682795,84,0,20033.27380952381,20.146129112499207,1
52,232760,759,16363,482140,48,0,10044.583333333334,11.345413014836456,1
38,124288,829,19604,1873786,24,0,78074.41666666667,78.59038416151733,0
55,111195,765,16923,1808795,48,0,37683.229166666664,49.10852931037067,1
43,80581,803,14823,848456,84,0,10100.666666666666,30.929954538497494,1
40,243720,844,17845,1415358,60,0,23589.3,17.000779583128182,1
29,90087,838,21568,1371675,36,0,38102.083333333336,66.23606439700882,0
59,241002,826,8547,758981,36,0,21082.805555555555,12.294423098379081,1
36,224053,819,11515,308944,60,0,5149.066666666667,7.437555697387076,1
49,129298,793,234,1997519,24,0,83229.95833333333,64.55162363944788,0
45,106167,822,14562,1980438,24,0,82518.25,91.44107867793194,0
47,234480,794,17932,447572,48,0,9324.416666666666,11.624196804276128,1
40,99499,849,7480,1592191,60,0,26536.516666666666,34.187797532303506,1
38,185816,805,4213,1818777,24,0,75782.375,43.05085407069359,1
55,243341,833,10293,397097,60,0,6618.283333333334,6.949623505012855,1
29,229631,831,1673,1030948,84,0,12273.190476190477,6.073304769909322,1
59,156347,806,23092,812084,36,0,22557.88888888889,29.19780289285301,1
47,108787,770,24366,488213,36,0,13561.472222222223,34.86397476005609,1
53,95488,817,2100,1173737,36,0,32603.805555555555,36.343630147825436,1
35,134441,799,11849,1333387,60,0,22223.116666666665,25.343545991674166,1
42,82431,782,20132,1438697,60,0,23978.283333333333,53.51176539570469,1
36,121681,840,19557,580172,48,0,12086.916666666666,26.005634952594626,1
33,182720,756,18199,1812042,36,0,50334.5,37.50738835376532,1
34,109153,819,3841,654151,48,0,13628.145833333334,16.004274580939907,1
41,66368,764,10197,741287,36,0,20591.305555555555,46.39028681827922,1
31,218496,831,8016,1704314,48,0,35506.541666666664,19.919148024067564,1
37,172360,781,7011,1549432,48,0,32279.833333333332,22.79579562156726,1
33,236076,824,4493,1444199,84,0,17192.845238095237,9.185959283491433,1
51,172755,769,17058,895532,48,0,18656.916666666668,20.673738338494786,1
26,116985,837,24472,495866,60,0,8264.433333333332,27.98344517103332,1
29,110069,764,8578,997057,48,0,20772.020833333332,26.665110824422257,1
53,112326,797,2158,398237,36,0,11062.138888888889,11.769437965287546,1
43,168737,820,19045,731147,48,0,15232.229166666666,20.313997028906915,1
32,214470,770,2064,1159113,24,0,48296.375,23.481314402946797,1
25,110861,791,3253,1160811,36,0,32244.75,32.0200521373612,1
46,135897,775,21363,835274,24,0,34803.083333333336,41.32989200154039,1
41,187118,763,24087,1532559,36,0,42571.083333333336,35.62355483349188,1
31,128577,806,12828,1537936,60,0,25632.266666666666,29.912244543477186,1
49,69078,786,1401,1039385,60,0,17323.083333333332,27.105711418010557,1
28,216075,807,19643,1726273,60,0,28771.216666666667,22.406209263758726,1
30,122768,770,15193,1702385,24,0,70932.70833333333,70.1532226095834,0
55,111047,831,12096,249522,84,0,2970.5,13.56767855052365,1
43,131626,818,20307,430233,36,0,11950.916666666666,24.507252873039263,1
51,117660,752,4214,598102,60,0,9968.366666666667,12.05368576123293,1
34,240858,836,19611,1621969,36,0,45054.694444444445,26.84805754612446,1
50,192997,839,11023,207485,24,0,8645.208333333334,10.1909399282545,1
43,177832,786,11950,1673247,84,0,19919.60714285714,17.921188055500213,1
27,190406,837,10704,312701,24,0,13029.208333333334,12.46452755340343,1
37,185150,798,10343,407352,36,0,11315.333333333334,11.697722567287785,1
52,217087,768,11867,1875502,84,0,22327.404761904763,15.75147510532863,1
44,93320,838,2745,384514,84,0,4577.547619047619,7.846707692935725,1
52,124881,834,22475,645093,24,0,26878.875,39.52072372899,1
32,150827,761,3866,998658,60,0,16644.3,13.598559939533372,1
25,162215,810,11956,817693,36,0,22713.694444444445,21.372680975522883,1
27,217361,790,5818,1458624,48,0,30388.0,16.657081997230414,1
37,194461,782,18606,1935645,48,0,40325.9375,30.305273293873835,1
52,216755,799,16093,1205535,24,0,50230.625,30.598429101981502,1
49,204701,817,19176,237019,36,0,6583.861111111111,12.584140336935876,1
57,121550,820,15493,1162452,36,0,32290.333333333332,39.31166872343342,1
30,84826,835,20447,1510073,24,0,62919.708333333336,98.27966464684572,0
56,160734,782,17908,789421,36,0,21928.36111111111,24.78402896158318,1
45,217702,830,8224,1970394,60,0,32839.9,18.862435806745,1
40,237235,773,22582,579747,24,0,24156.125,19.70119290998377,1
45,158511,810,4025,358598,60,0,5976.633333333333,6.309740859204303,1
35,71653,810,18950,852873,36,0,23690.916666666668,59.51030196456068,0
59,219033,847,19187,1693990,24,0,70582.91666666667,40.98465375841388,1
43,141941,777,20093,1741326,36,0,48370.166666666664,48.23353834809298,1
44,93662,807,6155,1029827,24,0,42909.458333333336,52.384593894357735,1
42,158818,792,13839,617247,36,0,17145.75,19.509595889634674,1
38,247518,790,719,668758,60,0,11145.966666666667,4.793577302122135,1
39,212360,788,14890,1898678,60,0,31644.633333333335,21.91308783826207,1
55,155081,835,22900,1155205,36,0,32089.027777777777,35.45826231309947,1
25,96877,798,20963,574743,24,0,23947.625,46.35839776211072,1
27,171562,766,17356,225939,48,0,4707.0625,12.860110339119386,1
40,206385,847,20102,1166649,60,0,19444.15,19.161348935242387,1
47,132715,819,23779,1137828,60,0,18963.8,32.20645744640772,1
35,201398,819,20786,1402515,48,0,29219.0625,24.8289767028471,1
36,170091,847,20936,986635,36,0,27406.527777777777,28.421567148042975,1
34,192632,814,18591,1134048,24,0,47252.0,34.18071763777565,1
56,139148,823,4426,1133403,36,0,31483.416666666668,25.80663514148006,1
40,143186,834,23303,1863744,84,0,22187.428571428572,31.770165079985873,1
32,217817,754,12512,728036,60,0,12133.933333333332,11.314972354468814,1
36,222962,751,15064,1484670,84,0,17674.64285714286,14.683507887955283,1
48,211094,771,13767,1627989,60,0,27133.15,19.375325684292307,1
52,183629,806,11308,1067196,60,0,17786.6,15.844229397317417,1
32,243651,815,11477,1400532,84,0,16673.0,11.553410410792486,1
52,130316,823,12903,1404831,84,0,16724.178571428572,22.73487413013642,1
50,88380,847,24770,1199074,36,0,33307.61111111111,65.71352241583062,0
32,170198,765,8680,664462,84,0,7910.261904761905,9.747624475470866,1
52,62356,800,2204,1094468,36,0,30401.88888888889,52.28989814755419,1
52,130326,788,21729,874619,36,0,24294.972222222223,35.31449766141999,1
51,152447,835,19660,1939895,36,0,53885.97222222222,48.243633670864114,1
41,174994,825,1102,1102957,60,0,18382.616666666665,11.134448419183895,1
33,80049,837,5243,1675249,60,0,27920.816666666666,41.429395328694504,1
57,165361,789,6614,547823,84,0,6521.702380952381,7.943651998326318,1
44,76082,787,16299,1374405,60,0,22906.75,51.530914013827186,1
37,60661,809,8707,1376792,84,0,16390.380952380954,41.373173789388495,1
52,228484,808,13913,1838765,60,0,30646.083333333332,19.50205849570794,1
53,62920,759,21607,375607,24,0,15650.291666666666,59.21375026488662,0
37,139561,848,24968,609319,24,0,25388.291666666668,36.081922361309154,1
59,68946,813,630,1870910,84,0,22272.738095238095,33.218371037098734,1
30,236572,812,11908,552156,60,0,9202.6,8.92354124748491,1
42,76309,798,10847,1851142,60,0,30852.366666666665,54.64541098254029,1
29,115230,813,9171,474535,36,0,13181.527777777777,19.398184307713077,1
49,171822,781,12721,1351052,48,0,28146.916666666668,23.785031408473113,1
26,221099,756,23067,1146405,84,0,13647.67857142857,16.605538049212605,1
34,172340,770,16661,582865,48,0,12143.020833333334,16.71348545510812,1
54,119321,769,16616,821825,48,0,17121.354166666668,28.274448057480804,1
29,192028,775,9744,1117472,84,0,13303.238095238095,12.002019546752607,1
57,134131,817,5690,381429,60,0,6357.15,8.981629899128464,1
25,238980,835,13401,1466556,84,0,17459.0,12.913214494936815,1
42,85963,764,7659,1752127,48,0,36502.645833333336,51.37285324306195,1
56,161757,834,10601,1021935,60,0,17032.25,17.083186508157297,1
35,230515,828,11704,1735251,24,0,72302.125,36.442801986855514,1
45,159259,835,25,1323979,84,0,15761.654761904761,9.912566801188479,1
50,99063,841,15384,788574,84,0,9387.785714285714,25.00609280385786,1
49,174225,763,13705,536986,60,0,8949.766666666666,13.00316640359688,1
46,176400,776,23852,304927,24,0,12705.291666666666,20.724088246409675,1
51,140818,789,22794,685833,24,0,28576.375,36.47997770171427,1
37,64703,807,8652,1692418,60,0,28206.966666666667,56.96639516972423,0
57,132099,777,20148,499372,36,0,13871.444444444445,25.75299165356622,1
58,216921,775,22983,223386,84,0,2659.3571428571427,11.82105796251038,1
59,222932,812,13379,1426402,84,0,16980.97619047619,13.61849182283216,1
25,91585,815,21486,1752734,48,0,36515.291666666664,63.33055813360994,0
45,213087,774,7006,1539022,60,0,25650.366666666665,15.325367885730554,1
30,103585,752,19867,1571535,48,0,32740.3125,50.78661244388666,1
52,86958,821,18378,452156,48,0,9419.916666666666,31.967060726634312,1
41,86017,793,8682,1202252,24,0,50093.833333333336,68.33048505915498,0
29,184677,846,1072,1049776,84,0,12497.333333333334,7.347603292956531,1
55,236422,791,23091,1153122,48,0,24023.375,19.928084103848203,1
29,203273,848,215,669450,24,0,27893.75,13.828078495422414,1
27,89426,755,23989,523258,60,0,8720.966666666667,36.57769179731473,1
47,77778,788,9915,448724,48,0,9348.416666666666,24.76717923663075,1
34,236313,801,9784,401202,84,0,4776.214285714285,6.161410623077988,1
34,102229,772,18990,1274101,48,0,26543.770833333332,44.54095299116037,1
43,146652,838,24734,1328394,60,0,22139.9,31.962673540081283,1
41,188267,799,14824,314589,48,0,6553.9375,11.355116669410997,1
45,239436,792,21165,1393982,84,0,16595.02380952381,15.770403702669528,1
38,186503,768,3313,819003,24,0,34125.125,20.07373876023442,1
33,144878,818,11033,393839,84,0,4688.559523809524,10.851585143230528,1
25,117056,800,9968,993076,24,0,41378.166666666664,43.86461750501184,1
37,218562,760,16241,563298,36,0,15647.166666666666,14.589986670448965,1
28,79975,761,24147,706453,84,0,8410.154761904761,40.70916506646422,1
25,217795,823,5939,1150437,84,0,13695.67857142857,9.015210896222857,1
56,214351,757,14696,457438,60,0,7623.966666666666,10.412812007719426,1
58,202633,773,14794,1029901,48,0,21456.270833333332,17.88961858795622,1
52,148397,841,2295,626903,24,0,26120.958333333332,19.148607002387738,1
55,240225,790,22069,1093041,24,0,45543.375,28.145436569882403,1
32,93142,785,1696,645872,60,0,10764.533333333333,13.377996321029539,1
50,86916,834,11185,610591,60,0,10176.516666666666,24.577197140534153,1
58,124324,821,18330,1755811,48,0,36579.395833333336,44.16636838690304,1
27,236037,804,12001,1762527,48,0,36719.3125,20.640964128505278,1
36,185932,758,14350,1575926,84,0,18761.02380952381,17.808136205453504,1
25,195720,796,19167,1082894,36,0,30080.38888888889,25.162164770533867,1
29,226205,764,3644,1940543,48,0,40427.979166666664,19.48320292065457,1
54,241749,797,21625,1856042,60,0,30934.033333333333,21.741158529438938,1
54,156059,831,6420,1948322,48,0,40590.041666666664,30.123249326643553,1
41,158317,791,23941,639503,24,0,26645.958333333332,31.952954094211822,1
47,95046,809,11837,1335300,36,0,37091.666666666664,51.47893300787688,1
39,238136,833,19029,953492,84,0,11351.095238095239,12.757455923545887,1
45,161459,819,22973,296393,24,0,12349.708333333334,21.877199990916168,1
38,105893,761,6353,1849176,24,0,77049.0,78.7606357360732,0
26,161520,751,10541,795484,36,0,22096.777777777777,20.20664795553354,1
35,185818,756,1932,1842878,84,0,21939.02380952381,12.846453954688894,1
58,121272,829,11486,601426,60,0,10023.766666666666,17.73679552301163,1
58,127649,752,1757,1914858,84,0,22795.928571428572,19.234720656980134,1
42,124674,752,5085,1678081,48,0,34960.020833333336,32.11978506611911,1
54,204832,776,5637,1770889,24,0,73787.04166666667,38.775211718221115,1
39,212999,789,1116,1281916,48,0,26706.583333333332,13.062307021785704,1
51,146475,782,10759,501994,60,0,8366.566666666668,13.057222506684871,1
58,121367,841,11691,1174488,48,0,24468.5,29.793518831313285,1
57,203660,750,492,1745491,84,0,20779.654761904763,10.44468956196836,1
48,181750,757,8811,837999,48,0,17458.3125,14.453541953232463,1
39,178154,781,24272,939538,60,0,15658.966666666667,22.413735681863255,1
54,243305,797,6474,1259670,60,0,20994.5,11.289739216210107,1
41,104738,753,14385,1150922,60,0,19182.033333333333,32.048571992336434,1
29,93397,843,9738,1884449,84,0,22433.916666666668,34.446413339472,1
53,142189,819,21342,665590,60,0,11093.166666666666,22.811305140810234,1
28,136367,768,13979,1759067,24,0,73294.45833333333,63.99895747016018,0
34,180585,781,11755,1633284,60,0,27221.4,21.583409474762576,1
41,136619,758,9797,1317374,48,0,27445.291666666668,27.259965060984687,1
34,171453,761,14607,1102458,48,0,22967.875,21.91555411687168,1
41,79816,760,12867,401604,48,0,8366.75,26.603375263105143,1
44,233312,795,19127,310130,84,0,3692.0238095238096,9.780475847587699,1
48,197348,765,7866,1008596,48,0,21012.416666666668,14.633245164210768,1
29,139530,750,15449,890955,84,0,10606.607142857143,18.67383870340224,1
58,214571,812,10685,230257,84,0,2741.154761904762,6.257208458694214,1
30,168856,770,23544,607427,60,0,10123.783333333333,19.93875452061717,1
26,131635,779,5451,1082421,24,0,45100.875,38.40306529418468,1
37,167803,762,21642,1122736,60,0,18712.266666666666,24.048596667918133,1
35,95946,783,8548,1185257,60,0,19754.283333333333,29.498137841424686,1
47,115204,753,7186,1301267,84,0,15491.27380952381,19.684450027363468,1
40,242958,777,6102,1852632,84,0,22055.14285714286,11.589304676998848,1
55,75563,844,619,618829,48,0,12892.270833333334,17.88080255327784,1
35,152324,808,882,738314,48,0,15381.541666666666,10.676939724972208,1
40,69847,776,3642,949450,60,0,15824.166666666666,27.86972477939878,1
32,86155,818,1296,1541628,36,0,42823.0,51.20886773837851,1
28,139671,774,14122,743898,36,0,20663.833333333332,24.905551856386314,1
28,176891,752,24820,1426294,48,0,29714.458333333332,30.829413782121946,1
49,143310,846,2895,1746933,36,0,48525.916666666664,35.88089921615146,1
27,209381,817,22977,525329,48,0,10944.354166666666,16.200779519950075,1
56,191691,774,17313,1058999,84,0,12607.130952380952,15.60852150199068,1
27,241180,769,5366,1427222,60,0,23787.033333333333,12.087666196754844,1
51,94707,783,8711,1241482,24,0,51728.416666666664,63.81726447534677,0
53,211409,775,19596,1766996,60,0,29449.933333333334,23.199548426667423,1
56,141537,754,18793,1470699,48,0,30639.5625,34.92554067134389,1
43,238686,848,8199,1743812,48,0,36329.416666666664,18.65564660963218,1
45,151155,810,10717,1022614,60,0,17043.566666666666,18.365629100371585,1
29,60281,841,3423,1118074,48,0,23293.208333333332,44.31945112611492,1
42,218492,842,10211,1739582,36,0,48321.72222222222,26.78941207102421,1
52,230102,758,12782,743576,36,0,20654.88888888889,14.531333447292457,1
46,192130,799,23360,1065256,48,0,22192.833333333332,23.709380801193632,1
45,136260,755,23978,1857289,48,0,38693.520833333336,45.99407077156417,1
30,219476,832,21542,200917,36,0,5581.027777777777,12.358083698344137,1
25,220928,809,12474,1212544,48,0,25261.333333333332,17.08037611046736,1
29,200272,793,3667,1051007,48,0,21895.979166666668,12.764130366035525,1
36,124178,760,22357,1058950,60,0,17649.166666666668,32.21679095062465,1
50,93997,815,22620,977475,24,0,40728.125,67.39377320552784,0
58,216683,796,8277,1287680,36,0,35768.88888888889,20.32733942620736,1
38,179273,822,12424,873422,60,0,14557.033333333333,15.05024924742339,1
50,232307,834,18852,479143,24,0,19964.291666666668,16.709049519242498,1
51,226129,837,22601,462091,48,0,9626.895833333334,14.251995910888624,1
33,192311,847,20003,1703637,48,0,35492.4375,28.857131157344096,1
50,186945,835,18020,603157,60,0,10052.616666666667,15.016511095063612,1
46,105272,752,8155,785457,48,0,16363.6875,23.29079669807736,1
54,149393,825,3583,1403118,84,0,16703.785714285714,13.579475420056971,1
41,121212,841,15515,1378320,60,0,22972.0,31.75180675180675,1
50,206470,779,4009,259821,24,0,10825.875,7.185002663825253,1
25,180030,839,19710,1466317,60,0,24438.616666666665,24.522922105575,1
32,116503,770,10410,449265,36,0,12479.583333333334,19.64720507912529,1
59,197710,777,24532,637651,60,0,10627.516666666666,17.78337801156576,1
39,66570,839,18601,1646321,48,0,34298.354166666664,79.46425441890742,0
46,128785,811,4967,1462703,48,0,30472.979166666668,27.518716594841536,1
38,69110,782,18753,474336,84,0,5646.857142857143,35.30582714926515,1
50,139141,834,20022,1584822,84,0,18866.928571428572,27.94929501112438,1
52,72115,784,10695,403834,84,0,4807.547619047619,21.49698068230967,1
47,99062,801,9135,1335371,24,0,55640.458333333336,65.38880532730344,0
38,82911,783,5722,1413735,84,0,16830.178571428572,27.200466248662508,1
48,164061,790,15514,528821,24,0,22034.208333333332,22.886736234286836,1
26,92556,800,11128,859987,84,0,10237.940476190477,23.084338644918187,1
50,188335,796,4444,443877,24,0,18494.875,12.179825842249183,1
38,61969,831,7618,1447874,60,0,24131.233333333334,51.23405788915964,1
31,103753,807,20331,1747419,60,0,29123.65,47.665754243250795,1
27,195542,824,18060,1120759,48,0,23349.145833333332,21.17659931540709,1
47,181863,806,1196,1961369,24,0,81723.70833333333,45.594600514306556,1
42,70225,772,12297,336285,36,0,9341.25,30.812744749021004,1
59,183008,797,2787,1350988,48,0,28145.583333333332,16.902312102931745,1
39,214268,771,23816,1792268,60,0,29871.133333333335,25.056066857082403,1
49,165823,766,7927,316545,24,0,13189.375,12.734285955506774,1
52,73669,818,19702,1667172,84,0,19847.285714285714,53.68511275337755,1
34,228452,760,23073,1470704,36,0,40852.88888888889,27.982197086866776,1
41,184398,843,2176,874533,60,0,14575.55,9.084453193635506,1
46,170677,764,20127,1956963,48,0,40770.0625,35.6797122635153,1
50,108320,840,8792,985945,24,0,41081.041666666664,46.042320593303785,1
49,238486,784,20806,1618826,36,0,44967.38888888889,27.57955975985546,1
41,206649,782,20208,486663,24,0,20277.625,19.591493305072852,1
37,185354,833,9171,981163,84,0,11680.511904761905,11.2495613284644,1
44,148009,765,2451,1629290,48,0,33943.541666666664,24.589411229497305,1
49,246481,783,628,1194453,24,0,49768.875,20.44655571829066,1
28,88625,815,9821,214995,60,0,3583.25,15.124682651622004,1
34,84089,848,7778,223559,48,0,4657.479166666667,14.78847312569619,1
27,96487,789,3696,721244,60,0,12020.733333333334,16.288964661906093,1
42,170448,777,20058,1599769,24,0,66657.04166666667,50.87477803592103,1
46,110138,796,20313,598237,48,0,12463.270833333334,29.759275484694957,1
58,233895,788,19149,822288,60,0,13704.8,14.046388336646787,1
32,228280,819,20753,1925055,84,0,22917.321428571428,19.130156574632657,1
43,114061,822,12972,644755,84,0,7675.6547619047615,18.102291547421785,1
30,221731,769,8307,688051,24,0,28668.791666666668,16.67596847832133,1
50,161376,750,4956,1025782,48,0,21370.458333333332,16.313738308876992,1
58,222962,821,10195,639439,36,0,17762.194444444445,12.538995185029039,1
30,139134,836,17076,1274093,48,0,26543.604166666668,31.350787130871442,1
57,107055,812,19546,1720445,84,0,20481.488095238095,37.38964840057736,1
46,79508,816,1105,615466,60,0,10257.766666666666,14.291350136673877,1
45,233359,753,19392,1464134,36,0,40670.38888888889,25.73819260833689,1
30,218056,807,18545,676111,24,0,28171.291666666668,21.42398818040626,1
30,170169,774,15417,1075564,36,0,29876.777777777777,26.616938324711185,1
28,68125,796,24729,684282,24,0,28511.75,78.15155963302752,0
54,96059,787,14188,1708590,36,0,47460.833333333336,64.17809193655289,0
35,163409,764,20083,1695991,24,0,70666.29166666667,55.53506334820399,0
54,208159,812,12602,1765615,24,0,73567.29166666667,41.39590008919464,1
55,65704,770,20170,721396,36,0,20038.777777777777,61.19684916866215,0
48,171279,848,9256,1354262,36,0,37618.38888888889,27.367271462869873,1
33,218280,806,20584,1861015,24,0,77542.29166666667,44.95432090281596,1
27,178516,802,14212,1514047,84,0,18024.369047619046,18.05797186113236,1
55,230954,795,1913,1893182,36,0,52588.38888888889,23.59837408699953,1
48,216995,763,21904,1147272,48,0,23901.5,21.10901172838084,1
55,174044,849,10593,919778,60,0,15329.633333333333,14.894298759700611,1
30,89165,825,1772,1736178,24,0,72340.75,83.11865642348455,0
26,127203,766,19164,1234451,24,0,51435.458333333336,55.50140981999901,0
44,64114,788,12996,1946724,60,0,32445.4,70.87593973235175,0
52,96321,758,23807,1888809,84,0,22485.821428571428,48.06098506926987,1
35,133297,848,2871,1462032,60,0,24367.2,20.434218324493425,1
28,156652,826,13234,508974,36,0,14138.166666666666,17.47323153656938,1
39,159304,828,17044,252446,60,0,4207.433333333333,13.340175597181073,1
30,216498,831,22626,1222582,24,0,50940.916666666664,33.98041398380893,1
54,77772,846,10521,1656952,60,0,27615.866666666665,49.03675701623549,1
26,163754,755,10642,911943,48,0,18998.8125,18.100817384613503,1
39,63712,840,1132,1675790,36,0,46549.72222222222,74.83946858083598,0
35,192439,772,699,1144734,60,0,19078.9,10.27749052946648,1
32,175142,808,14534,340148,24,0,14172.833333333334,16.390604956739864,1
50,151736,840,23854,1842205,36,0,51172.36111111111,49.44532682495328,1
29,111924,847,10230,231085,24,0,9628.541666666666,17.74288058563549,1
30,63726,795,6297,1566291,84,0,18646.321428571428,39.14151434041275,1
50,149152,787,12839,1656507,48,0,34510.5625,31.745844842844882,1
28,87723,763,7812,724006,84,0,8619.119047619048,18.730685279366924,1
43,186969,849,4557,1639028,48,0,34146.416666666664,20.700445884968453,1
44,160494,821,2179,1254326,60,0,20905.433333333334,14.383362202533013,1
57,200180,811,11030,540912,36,0,15025.333333333334,13.01595230958804,1
44,95643,784,9065,1760336,60,0,29338.933333333334,40.15341774445943,1
36,222396,768,8275,235903,48,0,4914.645833333333,5.930702815398358,1
25,163896,779,17806,1452137,48,0,30252.854166666668,29.32277429996258,1
50,199999,827,15089,1863900,48,0,38831.25,26.960259801299006,1
38,153680,833,3180,812242,24,0,33843.416666666664,24.091239371854936,1
35,156546,774,20700,712493,36,0,19791.472222222223,25.865542538437403,1
37,213515,789,6696,1676106,60,0,27935.1,16.21951619324169,1
27,139973,837,9583,1690017,60,0,28166.95,26.969451251312755,1
57,123449,763,16998,1205489,84,0,14351.059523809523,25.394340597177393,1
30,169834,775,13869,1069446,48,0,22280.125,21.284975328850525,1
34,85537,836,11757,1676971,48,0,34936.895833333336,54.58912030271501,1
29,137576,771,20954,841593,48,0,17533.1875,27.97521915159621,1
47,167522,797,16654,1754209,60,0,29236.816666666666,27.393904482197364,1
34,82612,832,12258,1667130,84,0,19846.785714285714,38.86213348458543,1
26,66471,800,2468,1734227,24,0,72259.45833333333,112.42114355633785,0
37,226703,752,14208,400753,36,0,11132.027777777777,11.177632310899185,1
26,91348,791,15042,232101,24,0,9670.875,27.053547970398917,1
44,61177,768,15639,202775,60,0,3379.5833333333335,31.087799881218974,1
25,195832,822,11546,1884361,48,0,39257.520833333336,25.942400033361928,1
33,92779,777,12327,690399,36,0,19177.75,33.956768234190925,1
41,81636,833,14270,245619,60,0,4093.65,22.494548973492087,1
33,141889,794,15523,1500964,60,0,25016.066666666666,28.570972144892604,1
35,113551,820,14300,612755,60,0,10212.583333333334,21.587289705360003,1
39,202628,827,19991,265149,36,0,7365.25,13.500725467358905,1
48,218670,812,10775,226616,36,0,6294.888888888889,7.806232628567655,1
59,202635,822,12265,946055,84,0,11262.559523809523,11.610807374742528,1
54,106819,768,19459,1434215,84,0,17073.988095238095,34.200833274265904,1
55,133770,796,16673,1941035,24,0,80876.45833333333,72.92327004061697,0
29,218038,763,24504,406903,36,0,11302.861111111111,16.422303044015774,1
38,218059,787,6614,1479894,36,0,41108.166666666664,21.884979141730753,1
35,138714,802,3252,1238218,36,0,34394.944444444445,27.139974656086945,1
33,249420,810,7415,552365,84,0,6575.773809523809,5.609323153525703,1
58,84596,785,23155,1101311,60,0,18355.183333333334,49.068730594039124,1
36,224246,789,16662,487623,48,0,10158.8125,11.960441880791631,1
59,124106,830,11116,561309,84,0,6682.25,14.341168033777576,1
59,119182,779,16964,255863,36,0,7107.305555555556,20.197098182238555,1
25,147163,758,4958,1421691,84,0,16924.89285714286,14.869833352909941,1
46,99310,813,24829,695654,24,0,28985.583333333332,54.188483872050476,1
53,116088,782,4276,1751899,36,0,48663.86111111111,45.60321575969188,1
32,188803,801,24381,1657200,24,0,69050.0,49.485972150866246,1
35,199978,838,4776,977635,36,0,27156.527777777777,15.968020371129713,1
38,96914,763,17208,913340,84,0,10873.095238095239,28.975272136218955,1
54,170350,824,3832,1200460,60,0,20007.666666666668,13.994521084042658,1
59,105379,802,14901,478495,48,0,9968.645833333334,23.600191530886928,1
45,228722,848,5445,1383779,24,0,57657.458333333336,27.58915116750174,1
29,237953,808,1380,447908,84,0,5332.238095238095,2.820825160951152,1
43,106413,827,9865,1031257,60,0,17187.616666666665,25.422285497699214,1
38,197084,843,22918,1440579,84,0,17149.75,20.33029063749467,1
50,241187,790,13926,1746175,24,0,72757.29166666667,35.940283542092516,1
28,67151,817,19540,1523173,48,0,31732.770833333332,76.35444123443185,0
49,117716,817,11580,1922750,84,0,22889.880952380954,29.282239417225313,1
49,153747,841,20691,1922199,36,0,53394.416666666664,48.18657708226284,1
42,227450,757,5634,801982,60,0,13366.366666666667,8.35364548985125,1
32,233724,751,24959,1788599,84,0,21292.845238095237,19.789086802423046,1
38,204539,835,5810,1133334,60,0,18888.9,12.075398823696215,1
56,222082,790,24917,900033,36,0,25000.916666666668,22.477245642000103,1
57,181999,804,22318,1113438,48,0,23196.625,25.00817312183034,1
47,174793,765,10179,944822,48,0,19683.791666666668,17.084661094361138,1
39,245763,842,12251,769354,36,0,21370.944444444445,13.68063721733721,1
57,168177,811,13131,334445,60,0,5574.083333333333,11.122260079162627,1
49,72289,797,19493,603551,84,0,7185.130952380952,36.90482777792051,1
41,236048,779,20466,1141245,36,0,31701.25,22.100271978580626,1
57,234668,761,12707,769829,24,0,32076.208333333332,19.083645121334534,1
26,214243,784,19624,1413705,60,0,23561.75,20.157368035361714,1
38,146365,760,22412,791271,48,0,16484.8125,26.57521436135688,1
30,174014,813,18233,1923519,36,0,53431.083333333336,41.18294121928888,1
30,235211,799,24881,353837,48,0,7371.604166666667,13.712200605697298,1
27,239785,834,2749,914647,60,0,15244.116666666667,7.503854147117906,1
31,220806,770,13156,1107179,48,0,23066.229166666668,16.404549317802356,1
32,132588,818,23064,1071535,36,0,29764.86111111111,39.844375894584054,1
39,123646,797,16589,1983611,60,0,33060.183333333334,40.154298022850185,1
53,63654,769,23736,377597,24,0,15733.208333333334,62.00585718624648,0
57,78743,816,20975,1942166,36,0,53949.055555555555,95.15011563638109,0
54,108368,793,3450,1235408,84,0,14707.238095238095,16.755165819465244,1
51,197513,782,7214,1661312,36,0,46147.555555555555,27.01673082559404,1
53,179735,822,20195,678454,60,0,11307.566666666668,17.527229903283537,1
57,215683,810,11814,1693726,36,0,47047.944444444445,27.290952205062265,1
51,179891,758,5141,1536286,24,0,64011.916666666664,38.441565540614405,1
57,167971,817,24885,1059625,24,0,44151.041666666664,41.099976583259405,1
28,72149,784,2708,696440,84,0,8290.952380952382,15.244774537349626,1
46,160102,830,18375,1671926,48,0,34831.791666666664,33.233058716734746,1
26,119189,847,15088,1652137,60,0,27535.616666666665,35.761367799601196,1
34,212747,837,24847,976372,60,0,16272.866666666667,19.328059463431526,1
29,131031,845,11834,845303,48,0,17610.479166666668,22.471383998188724,1
34,102668,814,12278,372257,24,0,15510.708333333334,27.066572187374195,1
57,204745,757,10014,1472597,24,0,61358.208333333336,34.85907266762722,1
37,148204,794,3273,1903820,36,0,52883.88888888889,37.89161486119733,1
55,214741,836,14367,1843608,84,0,21947.714285714286,16.910936563448196,1
48,225140,796,4538,495599,84,0,5899.988095238095,4.636221060334945,1
39,200507,789,12541,1757009,84,0,20916.77380952381,16.686586408217075,1
53,243321,825,8712,1145522,36,0,31820.055555555555,16.657853434580474,1
32,97384,803,9168,516363,84,0,6147.178571428572,15.726586062832265,1
29,141929,825,20106,1032423,48,0,21508.8125,29.320866419125057,1
53,187959,795,3551,797904,36,0,22164.0,13.681175149899714,1
28,136153,796,12297,1860302,48,0,38756.291666666664,37.49700092298125,1
36,135388,764,10965,316841,36,0,8801.138888888889,14.599623961421168,1
26,91401,768,2832,1913422,84,0,22778.833333333332,28.020298829699165,1
51,179503,775,22063,369934,48,0,7706.958333333333,16.58465782373182,1
55,187834,801,22963,1831734,48,0,38161.125,32.54156595717495,1
50,94084,842,13422,1335270,48,0,27818.125,43.83330321840057,1
51,170641,771,152,437068,36,0,12140.777777777777,7.203882875614758,1
29,165111,770,22138,1030288,60,0,17171.466666666667,23.807902966287326,1
44,246898,800,11156,301407,84,0,3588.1785714285716,5.971769140061309,1
35,227523,787,11108,1742536,48,0,36302.833333333336,20.837820059217457,1
34,198299,769,2800,1804243,60,0,30070.716666666667,16.576340105934303,1
30,222982,778,5310,1051161,84,0,12513.82142857143,7.99339024162104,1
32,96041,800,9944,1670170,84,0,19882.97619047619,31.056503150192306,1
47,148920,753,2610,1485076,48,0,30939.083333333332,22.528259020503175,1
50,125681,804,12067,778641,48,0,16221.6875,22.50832464732139,1
36,141571,820,1104,905356,36,0,25148.777777777777,18.543895132320728,1
50,187556,841,10728,1459720,60,0,24328.666666666668,18.69130641870517,1
37,86160,777,23745,1838846,60,0,30647.433333333334,63.12956515010833,0
42,77633,753,20583,236683,48,0,4930.895833333333,32.864755752493565,1
49,77014,771,20238,1362667,84,0,16222.22619047619,47.342335407167774,1
57,140532,825,7263,317797,48,0,6620.770833333333,9.879437304908015,1
36,109104,794,1914,1659410,84,0,19754.880952380954,19.86075758210602,1
28,232693,816,23749,1779451,84,0,21183.940476190477,19.309966555156567,1
29,137231,835,19456,524934,48,0,10936.125,22.146690616551652,1
32,128388,815,406,1542200,24,0,64258.333333333336,50.36633745625241,1
52,76014,837,13689,1924463,60,0,32074.383333333335,60.20388788030275,0
55,152578,783,166,485713,84,0,5782.297619047619,3.8985290271517647,1
33,224827,840,508,997583,84,0,11875.988095238095,5.508229925782088,1
53,100390,804,18045,664310,24,0,27679.583333333332,45.54695022744629,1
38,83711,750,3664,1438822,36,0,39967.27777777778,52.12131951329907,1
46,151658,821,19873,1817603,24,0,75733.45833333333,63.04082760773143,0
35,117993,836,13050,757242,24,0,31551.75,37.80033561312959,1
47,218285,787,680,1230488,84,0,14648.666666666666,7.022317917706973,1
25,248856,755,18908,968223,60,0,16137.05,14.082461343106054,1
45,67421,835,18504,309373,24,0,12890.541666666666,46.564930313502714,1
50,77727,774,21644,758988,36,0,21083.0,54.97060223603124,1
47,172418,831,4357,1210540,48,0,25219.583333333332,17.153999775738804,1
25,64358,766,1363,1372304,24,0,57179.333333333336,90.96356837274827,0
39,125108,810,9523,1053220,24,0,43884.166666666664,42.68885016678923,1
45,154018,761,2292,1843909,36,0,51219.694444444445,34.74379257258531,1
33,184457,755,1538,1679634,60,0,27993.9,16.010181234650894,1
33,223189,839,3408,1917836,24,0,79909.83333333333,37.33061814575688,1
34,91910,776,24126,1114424,24,0,46434.333333333336,76.77111667210677,0
50,186888,757,8752,1066491,60,0,17774.85,14.193982492187834,1
59,115754,832,18287,1774745,36,0,49298.47222222222,58.38715916704582,0
49,169847,814,174,1119134,24,0,46630.583333333336,27.556909061292416,1
50,220443,806,2230,1636803,60,0,27280.05,13.38670313867984,1
35,242573,842,4287,288059,24,0,12002.458333333334,6.715280898258806,1
26,98467,848,20544,1987430,48,0,41404.791666666664,62.91325181702161,0
31,208697,789,12112,1032583,84,0,12292.654761904761,11.693821550815183,1
42,93893,763,7106,642136,48,0,13377.833333333334,21.816145328547748,1
51,136329,784,9689,1882252,24,0,78427.16666666667,64.63493949685443,0
58,91007,797,12046,398303,36,0,11063.972222222223,25.393620515149628,1
51,230604,833,19555,711162,84,0,8466.214285714286,12.151226468627728,1
41,114253,805,17951,673573,48,0,14032.770833333334,27.99381270805435,1
48,72323,798,1151,1513982,60,0,25233.033333333333,36.48083366748245,1
49,171335,762,7619,529125,36,0,14697.916666666666,13.02531103783037,1
31,172356,810,6033,1107383,48,0,23070.479166666668,16.885677995930905,1
30,170944,798,8560,1109531,60,0,18492.183333333334,15.825172766130038,1
48,205282,795,4946,1330548,24,0,55439.5,29.41587669644684,1
57,76456,811,24618,1586205,60,0,26436.75,66.77664277492937,0
53,91367,757,1907,1303298,48,0,27152.041666666668,31.80474533110058,1
46,114624,792,3490,381890,48,0,7956.041666666667,9.985728701377258,1
50,201178,769,18919,1147436,24,0,47809.833333333336,33.16905095653269,1
52,128008,846,4173,1517621,60,0,25293.683333333334,23.019407641189094,1
45,185926,839,11065,317473,60,0,5291.216666666666,8.797164821846684,1
31,175395,788,17677,1740815,24,0,72533.95833333333,51.433027357298286,1
41,176492,834,4769,470741,60,0,7845.683333333333,7.147453331218035,1
44,132240,798,4796,1640351,24,0,68347.95833333333,55.31152324057269,0
44,124315,813,13046,1771836,36,0,49217.666666666664,50.08540133263618,1
46,70756,811,14211,1058823,48,0,22058.8125,51.26040547798066,1
52,96378,803,23255,939574,36,0,26099.277777777777,51.20907030419575,1
31,195327,758,19356,525437,84,0,6255.202380952381,13.111962186974857,1
25,205556,837,20306,356877,84,0,4248.535714285715,11.945423979006069,1
56,185703,786,4997,1733471,84,0,20636.559523809523,13.803524727015462,1
37,116549,798,23416,1784738,24,0,74364.08333333333,83.89611522478386,0
54,225575,790,17376,1997001,60,0,33283.35,22.457874321179208,1
47,133794,766,8112,1072834,36,0,29800.944444444445,28.336804673187473,1
43,105113,837,5287,643066,36,0,17862.944444444445,22.02386426459567,1
56,134069,770,10578,534923,36,0,14858.972222222223,18.973045388734324,1
54,196321,800,18624,819696,36,0,22769.333333333332,21.084516344829808,1
53,210273,808,17860,1893470,84,0,22541.309523809523,19.213740957616775,1
53,185541,788,6426,320062,36,0,8890.611111111111,8.255108634270114,1
54,249648,804,11599,1260676,60,0,21011.266666666666,13.062498664786688,1
40,69686,790,389,1567741,84,0,18663.583333333332,27.340618392981852,1
43,113363,788,999,1232499,36,0,34236.083333333336,31.0816433345389,1
42,157543,762,12812,1923736,24,0,80155.66666666667,59.01097901313715,0
25,191733,813,15599,1638846,48,0,34142.625,25.943173579926253,1
38,235915,760,1855,1443048,48,0,30063.5,13.529661106754551,1
26,155673,768,8125,1078878,48,0,22476.625,19.65763170235044,1
52,102828,760,13794,434196,84,0,5169.0,18.441475084607305,1
54,108604,826,2763,407609,36,0,11322.472222222223,12.969570386194086,1
28,70526,795,20047,875302,84,0,10420.261904761905,43.200042402464206,1
25,128910,794,4986,483006,60,0,8050.1,10.112559149794432,1
32,85592,750,1481,473813,24,0,19742.208333333332,24.795785042215783,1
53,88982,789,23640,1107651,24,0,46152.125,78.43398102987122,0
27,60207,768,3731,909132,48,0,18940.25,37.655505173817,1
56,148733,825,23646,473022,48,0,9854.625,22.524002743170648,1
34,184982,821,16835,989417,48,0,20612.854166666668,20.24405302497901,1
34,128619,821,19477,691121,36,0,19197.805555555555,30.06927868787314,1
43,220400,810,17266,1453296,60,0,24221.6,18.823774954627947,1
58,106479,761,20792,1814099,60,0,30234.983333333334,47.922109836994466,1
57,211175,810,20452,481075,60,0,8017.916666666667,13.481670020914724,1
47,230963,782,10758,1341452,60,0,22357.533333333333,14.338025282548864,1
52,201826,794,19661,724624,48,0,15096.333333333334,17.221434965432273,1
56,141437,839,16311,1029365,24,0,42890.208333333336,41.856945730843655,1
31,158540,841,8566,1202403,48,0,25050.0625,21.203521193389683,1
53,132982,818,11889,1556256,60,0,25937.6,28.44490231760689,1
32,162747,757,24335,793792,48,0,16537.333333333332,25.114031799869323,1
25,246994,774,11254,823502,60,0,13725.033333333333,10.113214625996312,1
27,108231,840,21074,1430796,84,0,17033.285714285714,35.20921521032395,1
48,89301,795,11442,313936,24,0,13080.666666666666,27.46068539732664,1
47,232395,836,13521,216279,84,0,2574.75,6.926031110824243,1
32,78752,779,20979,1448313,36,0,40230.916666666664,77.72490434105377,0
27,158452,796,4559,1352327,48,0,28173.479166666668,20.657662362524086,1
57,204467,836,16199,1615153,36,0,44865.36111111111,29.86514259568102,1
52,181237,798,7291,1319962,48,0,27499.208333333332,19.19597451587332,1
32,116273,796,8160,286124,84,0,3406.2380952380954,9.947484020570636,1
58,151878,833,112,1616470,60,0,26941.166666666668,17.812432785964173,1
59,64895,831,21515,536199,60,0,8936.65,46.924493412435474,1
56,179968,767,19581,291911,48,0,6081.479166666667,14.259467886883595,1
48,175700,815,15924,1085050,60,0,18084.166666666668,19.35581483589452,1
38,136559,817,16523,1719065,84,0,20465.059523809523,27.08577210129653,1
56,70699,843,1424,922030,60,0,15367.166666666666,23.750218060604343,1
40,69715,782,19333,1193978,84,0,14214.02380952381,48.12023783909318,1
28,79169,785,19552,647244,36,0,17979.0,47.406181712538995,1
45,178413,831,10808,1469670,84,0,17496.071428571428,15.864354855627912,1
38,207235,768,6043,576036,24,0,24001.5,14.497792361328926,1
55,179264,777,6989,437723,24,0,18238.458333333332,14.072796731821969,1
42,65782,789,23620,1581848,24,0,65910.33333333333,136.10156780476927,0
31,184481,833,6261,1659900,48,0,34581.25,22.139000764306353,1
34,95585,846,887,1038927,48,0,21644.3125,23.572017052884867,1
31,90682,825,19488,282806,48,0,5891.791666666667,27.987684068135536,1
57,238936,764,16433,931893,84,0,11093.964285714286,11.520643304363631,1
47,189992,790,20335,1478673,48,0,30805.6875,26.917284675144217,1
45,144416,788,19944,1174334,36,0,32620.38888888889,36.39789835536844,1
43,246186,751,16402,1192144,24,0,49672.666666666664,26.839327446185674,1
43,187810,812,21205,397478,84,0,4731.880952380952,13.810170359608623,1
53,98067,778,22724,687436,24,0,28643.166666666668,52.37966560276818,1
42,233757,823,24442,1943455,48,0,40488.645833333336,27.776984575149978,1
26,78073,815,12253,1560369,84,0,18575.821428571428,39.48717409164683,1
25,96035,800,18990,1938460,60,0,32307.666666666668,53.41559500876417,1
29,150373,824,7846,689709,36,0,19158.583333333332,17.95839900336718,1
44,143362,826,6432,1937821,48,0,40371.270833333336,32.64691538436499,1
35,150517,759,13452,637585,48,0,13283.020833333334,17.7621270908491,1
26,125450,763,13395,1480780,36,0,41132.77777777778,43.4657455382844,1
27,70382,831,3765,557546,36,0,15487.388888888889,27.354137263631173,1
47,195509,800,18822,1017108,60,0,16951.8,18.297776572945494,1
36,121929,822,15950,1050525,48,0,21885.9375,31.031122620541463,1
44,158864,788,12502,1689556,48,0,35199.083333333336,30.026364269647836,1
29,203401,777,9741,381871,24,0,15911.291666666666,12.611684144456845,1
54,85169,752,22742,541558,84,0,6447.119047619048,34.27199925749868,1
33,147468,833,24703,698512,84,0,8315.619047619048,22.390362009126758,1
58,94594,819,5941,1603815,24,0,66825.625,76.92520138698015,0
59,105033,776,24028,967442,84,0,11517.166666666666,33.84190365567647,1
46,123133,751,4855,1845171,36,0,51254.75,45.56840976829932,1
48,133861,842,22931,675278,84,0,8039.023809523809,23.13595730610395,1
41,243362,787,23580,494067,84,0,5881.75,12.106142290086373,1
34,91750,752,22295,579593,24,0,24149.708333333332,50.62093551316984,1
54,100461,765,22865,694955,60,0,11582.583333333334,34.28950869823447,1
47,138222,843,15166,1484574,84,0,17673.5,23.75851890437123,1
56,172020,789,19145,1720180,84,0,20478.333333333332,23.0341433166686,1
41,84226,751,20840,1685183,60,0,28086.383333333335,58.08940627992939,0
41,66721,830,22745,1246195,24,0,51924.791666666664,111.91347801541743,0
38,247226,790,22077,846045,60,0,14100.75,14.633473016592106,1
33,80609,761,5788,1826528,24,0,76105.33333333333,101.59328776356651,0
26,243202,784,201,1017459,36,0,28262.75,11.70374832443812,1
49,190513,814,22544,890824,24,0,37117.666666666664,31.316323120556948,1
33,164211,804,10561,1545205,36,0,42922.36111111111,32.56990159679383,1
46,246321,794,16901,1508014,36,0,41889.27777777778,23.867342929664048,1
28,239967,828,7737,350528,24,0,14605.333333333334,9.310585761097707,1
50,196728,839,1988,668011,48,0,13916.895833333334,8.084713835007387,1
53,184865,834,15441,497698,24,0,20737.416666666668,19.570181844408985,1
58,134520,811,11737,1557642,84,0,18543.35714285714,22.50992948472877,1
47,124309,798,14256,1524129,84,0,18144.39285714286,26.064398279402827,1
35,89984,844,20186,924687,48,0,19264.3125,43.841474595483646,1
30,178947,774,22192,946760,36,0,26298.88888888889,27.097905463007983,1
42,65901,772,7162,498783,48,0,10391.3125,26.635881853082655,1
45,222624,773,13065,1479758,84,0,17616.166666666668,13.781607853001773,1
58,91055,787,22625,1705419,48,0,35529.5625,63.867511394212286,0
41,228757,777,14114,1337613,24,0,55733.875,30.533655800696806,1
49,205788,770,8399,1982776,48,0,41307.833333333336,24.154388658878716,1
36,174099,803,5633,1958136,36,0,54392.666666666664,34.47789284640731,1
47,71138,767,5755,948423,24,0,39517.625,63.64056481767831,0
46,226370,785,10825,1437063,60,0,23951.05,15.36248177762071,1
45,242184,848,22693,218074,84,0,2596.1190476190477,10.442109737893109,1
51,83429,794,4117,870909,84,0,10367.964285714286,17.362025537540045,1
55,110200,822,24729,1540683,48,0,32097.5625,51.566753629764065,1
30,239316,802,1518,1733248,24,0,72218.66666666667,30.81142366856653,1
51,161268,779,22547,956967,60,0,15949.45,23.87110276062207,1
58,77347,809,16346,776553,24,0,32356.375,62.966081425265365,0
36,207992,847,2600,216061,84,0,2572.154761904762,2.486708508935325,1
31,91822,781,13237,1700018,24,0,70834.08333333333,91.55875861267815,0
34,237731,816,18579,1408458,60,0,23474.3,17.68944731650479,1
41,100108,816,3554,653222,48,0,13608.791666666666,17.144275848750016,1
50,188955,777,16193,837790,36,0,23271.944444444445,20.885895818816355,1
45,67967,793,19233,1533520,24,0,63896.666666666664,122.30886557692212,0
52,170719,828,15253,1626912,36,0,45192.0,35.406135228064834,1
26,71871,790,16194,702175,84,0,8359.22619047619,34.16291159226418,1
25,224685,812,1742,1505081,48,0,31355.854166666668,14.73078050010756,1
50,88179,772,1306,831516,48,0,17323.25,21.12662878916749,1
53,243260,824,3849,406548,24,0,16939.5,8.54579462303708,1
45,115099,797,12360,1711252,48,0,35651.083333333336,41.71285878533553,1
35,95262,781,12768,650983,24,0,27124.291666666668,41.876395274786034,1
35,138213,806,23903,668535,24,0,27855.625,37.44844913286015,1
59,177407,849,13032,696005,36,0,19333.472222222223,18.24362749058505,1
58,209340,782,4195,900757,48,0,18765.770833333332,10.968171793891914,1
48,146269,773,21562,1261809,24,0,52575.375,50.68563742146319,1
46,120545,788,18939,966565,36,0,26849.027777777777,37.98417833819551,1
29,99922,783,18689,683236,60,0,11387.266666666666,30.099744467351204,1
57,102913,805,7619,1929004,36,0,53583.444444444445,59.47008098534145,0
44,157033,777,9280,1052159,36,0,29226.63888888889,24.521367412511314,1
43,164792,786,2642,1581173,24,0,65882.20833333333,41.58224205867598,1
59,246749,756,9369,828423,84,0,9862.17857142857,7.793822293678423,1
27,71931,652,16039,1753790,120,0,14614.916666666666,42.61572432840731,1
42,59014,702,34097,1658496,120,0,13820.8,81.19734300335514,0
27,149775,733,39207,2958884,60,0,49314.73333333333,59.10314360429534,0
53,131472,680,27553,1879404,36,0,52205.666666666664,60.66589590685976,0
52,114872,718,5055,1778720,120,0,14822.666666666666,17.30418784966455,1
31,93502,737,28161,716194,48,0,14920.708333333334,46.07570782799655,1
51,122736,682,37873,2954082,84,0,35167.642857142855,59.510366035346486,0
39,40470,721,20184,2985702,48,0,62202.125,203.5733259204349,0
45,131395,737,5669,2780163,84,1,33097.17857142857,29.503541665534133,0
30,49953,699,17663,507399,60,0,8456.65,52.28845114407543,1
52,139580,733,30318,2062818,120,0,17190.15,34.03650236423557,1
36,73507,665,38734,1442621,36,0,40072.805555555555,107.20993314317762,0
25,127969,725,21691,2695814,120,1,22465.116666666665,34.50532290372408,0
30,126493,726,23522,1162858,84,0,13843.547619047618,29.539616910854843,1
30,41523,688,16656,2437834,36,1,67717.61111111111,203.19729092577873,0
47,121923,738,20893,1272592,120,0,10604.933333333332,25.83428338650897,1
25,92190,695,21493,2970373,36,1,82510.36111111111,112.81414590640102,0
38,82761,745,8632,1534023,84,0,18262.178571428572,32.49619817477867,1
37,66169,737,35336,1296060,60,0,21601.0,86.04784717919267,0
36,80641,696,28112,893545,60,0,14892.416666666666,53.328228403252275,1
56,57990,693,18266,800763,120,0,6673.025,43.005733747197795,1
26,64661,658,21940,1555608,48,1,32408.5,84.05143749710025,0
26,48419,736,29003,1407555,84,0,16756.60714285714,94.50754278869276,0
41,49457,699,37872,2064458,120,1,17203.816666666666,111.36101394477357,0
36,102600,726,39815,2421166,120,0,20176.383333333335,58.47113385315139,0
39,138619,709,35869,2166984,60,0,36116.4,51.93039915163145,1
23,111102,745,22257,547850,36,0,15218.055555555555,33.73031588590265,1
50,68085,664,21682,2077586,84,0,24733.166666666668,68.17238256101442,0
34,132064,685,24622,779916,36,1,21664.333333333332,35.04841087149664,0
25,85654,712,35408,848249,84,0,10098.202380952382,53.12793609282973,1
31,41130,718,13837,934895,48,0,19476.979166666668,80.99678863765298,0
52,140723,735,20407,1486275,60,1,24771.25,32.10438236819852,0
29,37042,729,34309,504576,48,0,10512.0,121.00048593488472,0
24,105134,690,11382,1910124,120,0,15917.7,25.96657598873818,1
30,77982,723,32654,2114340,60,0,35239.0,87.06239901515734,0
51,133422,673,23895,1972077,120,0,16433.975,30.22663054069044,1
32,100185,731,38551,1310586,48,0,27303.875,65.73326845336128,0
56,68477,698,26376,2611591,84,0,31090.369047619046,83.92068730759094,0
58,149161,667,5370,1928931,120,0,16074.425,14.376696991841031,1
34,87709,656,5486,2099826,36,1,58328.5,72.75707168021526,0
57,63716,653,28762,2520014,84,0,30000.166666666668,92.22513445079207,0
34,113137,739,31613,1848483,84,1,22005.75,47.39276275665786,0
33,71018,718,8196,616189,48,0,12837.270833333334,29.61681662864814,1
58,43061,709,34401,1658866,48,0,34559.708333333336,160.14655566134866,0
31,43609,704,15813,1481598,60,0,24693.3,92.88518425095738,0
30,70371,665,13572,1305896,60,0,21764.933333333334,50.21519281143274,1
28,145350,748,33225,1459540,36,0,40542.77777777778,50.75182509651034,1
23,118021,739,37275,2721132,84,1,32394.428571428572,59.03138303473837,0
44,55805,731,11843,2824173,36,1,78449.25,161.79956993100976,0
42,42857,678,6105,1241165,36,0,34476.805555555555,94.69119526694718,0
44,46620,672,36639,531541,48,0,11073.770833333334,102.34399578149578,0
50,43177,663,23051,975759,36,0,27104.416666666668,116.1623472373409,0
35,65111,728,33708,629188,36,0,17477.444444444445,78.61259148906397,0
47,123578,698,16864,708150,120,0,5901.25,18.42176601013125,1
26,119181,682,39764,2358777,60,1,39312.95,66.3502991248605,0
52,124941,674,6425,2816225,60,0,46937.083333333336,42.709825704399144,1
46,46826,670,11849,980620,84,1,11674.047619047618,50.235013921854566,0
52,48890,666,23976,1044444,60,0,17407.4,84.64593986500307,0
41,117428,672,39258,1241196,84,0,14776.142857142857,46.01470080146375,1
38,93031,706,36113,1992273,120,0,16602.275,56.66420333007277,0
23,147134,730,20401,1168795,60,0,19479.916666666668,27.10516717187507,1
46,110020,707,17884,1225010,120,0,10208.416666666666,25.533918075501422,1
34,40495,663,23824,2502215,60,0,41703.583333333336,161.81647940074907,0
49,63481,742,39414,1622207,60,1,27036.783333333333,104.67822393051989,0
27,46267,669,21142,1324341,120,1,11036.175,69.54886852400199,0
24,140702,679,10956,809799,36,0,22494.416666666668,23.773945407077846,1
56,41743,668,18928,927557,36,1,25765.472222222223,107.06818441947685,0
39,89800,702,14721,2315599,36,0,64322.194444444445,88.02137465973769,0
32,138475,705,16157,2665456,36,1,74040.44444444444,65.13626607289723,0
41,83773,726,11696,865750,60,0,14429.166666666666,31.185664434443872,1
26,92042,731,32862,2193802,48,0,45704.208333333336,85.35908425863556,0
40,84476,672,10190,984103,120,0,8200.858333333334,21.77051272945373,1
43,127105,711,9663,2652259,48,0,55255.395833333336,51.07462006477584,1
40,63552,682,9331,2205096,48,0,45939.5,86.96893882175226,0
37,100242,667,33549,2947193,84,0,35085.630952380954,68.46893612695372,0
45,80772,722,21246,760933,36,0,21137.027777777777,52.47242581312557,1
25,78730,682,30761,2177044,60,0,36284.066666666666,85.1582200770566,0
36,63948,681,8262,2879220,36,0,79978.33333333333,137.9876357874106,0
46,111311,710,12036,2284210,36,0,63450.27777777778,67.81564964628633,0
56,104093,703,27322,1504059,48,0,31334.5625,56.35015082666462,0
35,104123,666,24131,2963501,84,0,35279.77380952381,57.058261680439294,0
40,51535,668,9677,2244919,36,1,62358.86111111111,139.78046203766587,0
59,101490,740,12972,1528719,120,0,12739.325,25.333850625677407,1
57,81562,719,20329,2086987,120,0,17391.558333333334,46.24771135250893,1
28,124080,748,25493,1331710,36,0,36991.944444444445,50.358594813382055,1
51,93535,683,23595,2432919,48,0,50685.8125,79.41499171433153,0
40,133991,733,26923,2556370,48,0,53257.708333333336,59.840368631724026,0
46,76269,674,14735,2649151,60,0,44152.51666666667,77.21029076907612,0
37,115674,717,39457,2366161,84,0,28168.583333333332,58.46221565203359,0
29,77462,723,12727,2303713,48,1,47994.020833333336,78.38813977606225,0
39,38127,723,12764,2110520,60,0,35175.333333333336,125.73591767863543,0
49,58147,737,32599,2798739,120,1,23322.825,96.17319036235746,0
37,80528,734,5818,2333451,120,0,19445.425,31.372224567852175,1
40,112095,660,38892,763356,120,0,6361.3,40.37048931709711,1
38,148100,740,10660,2737225,36,0,76034.02777777778,58.53749343536649,0
34,103931,665,34521,1627360,84,0,19373.333333333332,51.85587874006151,1
28,125925,739,39470,843288,60,0,14054.8,42.5053007742704,1
48,101381,710,23385,2502507,84,0,29791.75,52.452382596344485,1
31,134468,743,28296,1609736,36,0,44714.88888888889,54.296106797817245,1
55,146258,729,28616,2870011,60,1,47833.51666666667,52.270314558291965,0
57,98749,656,31382,1083072,60,1,18051.2,50.059443639935594,0
46,73672,665,16139,2988489,48,0,62260.1875,106.41653206102725,0
27,48731,748,37060,1910364,84,1,22742.428571428572,122.71947748133339,0
45,89512,665,27419,1858293,84,0,22122.535714285714,55.34625046282701,0
39,133658,689,32785,2411128,48,0,50231.833333333336,62.1113837804945,0
44,86024,661,20702,1062193,120,0,8851.608333333334,34.35507339037168,1
27,136121,684,34217,1439077,36,0,39974.36111111111,54.503978894594596,1
50,38832,670,17397,1153939,84,0,13737.369047619048,80.17709375674455,0
46,67332,699,31940,2925358,48,1,60944.958333333336,137.9506896176162,0
38,47467,692,33341,599596,60,0,9993.266666666666,91.29346001783695,0
45,76025,749,15067,2351579,48,0,48991.229166666664,84.25942672366546,0
32,48107,666,18824,2563356,120,1,21361.3,83.53316565156838,0
47,112994,681,18444,1546072,36,0,42946.444444444445,54.330711758539785,1
55,129202,690,38307,1174502,120,0,9787.516666666666,37.2242818738616,1
49,78481,655,15974,2605777,60,0,43429.61666666667,75.69171731586839,0
24,37581,737,34290,1849919,60,0,30831.983333333334,173.28432807358328,0
32,110118,676,21016,909142,60,0,15152.366666666667,32.845099499324974,1
59,86638,669,37112,2890514,60,0,48175.23333333333,98.44090737705548,0
35,43418,674,33513,2248408,48,0,46841.833333333336,185.07262732814348,0
47,128627,715,7956,2951212,60,1,49186.86666666667,44.42525027145675,0
42,64113,658,13077,1671758,60,1,27862.633333333335,63.85543233561576,0
51,119363,741,39938,1581781,48,0,32953.770833333336,61.06730798767905,0
29,98044,702,23000,2626869,60,0,43781.15,68.11344906368568,0
41,114955,710,18806,1442639,120,0,12021.991666666667,26.81744305742827,1
53,96030,687,17809,1491993,120,1,12433.275,31.492528376548997,0
43,46814,652,19855,1849282,84,0,22015.261904761905,89.43961615064278,0
28,134340,733,34388,2010902,120,0,16757.516666666666,38.07169619373728,1
30,45024,719,11458,2617321,36,1,72703.36111111111,186.9255532851615,0
22,98288,746,11853,1477362,36,1,41037.833333333336,53.81209642411417,0
50,144236,704,37222,2948966,36,0,81915.72222222222,82.59915847792661,0
29,92836,650,23320,2973901,48,0,61956.270833333336,91.85689908368882,0
25,42435,719,33618,602537,120,0,5021.141666666666,91.05488786771924,0
56,102084,694,22352,2319201,36,0,64422.25,85.00279181850242,0
24,105601,747,12297,2867303,84,0,34134.55952380953,43.9688634802791,1
28,123416,696,32940,1401347,48,0,29194.729166666668,50.34576486571164,1
48,38407,728,8203,1780280,84,0,21193.809523809523,76.5402388205523,0
22,133943,675,22273,1852507,120,0,15437.558333333332,28.15418374482678,1
48,67940,663,30368,2278727,60,0,37978.78333333333,100.59873908350505,0
37,40666,703,16650,1292214,84,0,15383.5,78.77219298677028,0
59,72122,720,35984,1091058,60,0,18184.3,75.10648623166301,0
28,60092,695,12382,2176373,48,1,45341.104166666664,96.05788485433446,0
44,110645,680,5801,1779372,84,0,21183.0,24.38790727100185,1
32,136190,737,24733,1315636,84,0,15662.333333333334,29.661012800744057,1
54,135468,708,14969,2090016,48,0,43542.0,43.191750081199984,1
57,61505,744,21733,2072730,48,0,43181.875,105.54406145841801,0
58,71713,678,37449,948402,36,0,26344.5,88.95667452205318,0
38,89387,745,31143,2949851,120,1,24582.091666666667,62.34138260224268,0
56,78169,666,30705,2813248,84,0,33491.04761904762,82.12468832791467,0
26,108282,663,33363,1258019,84,1,14976.416666666666,44.642153512741416,0
53,112511,685,35720,781833,48,0,16288.1875,46.22498022415586,1
24,86742,707,14972,2035834,48,0,42413.208333333336,66.15619692113778,0
56,75522,673,38351,2942547,120,1,24521.225,83.2502118587961,0
35,116132,712,27412,1736968,48,0,36186.833333333336,54.76426250588411,1
52,138489,740,29078,2260027,60,0,37667.11666666667,48.19524775734294,1
52,134397,674,27580,1917285,60,0,31954.75,44.29767777554559,1
38,38880,708,19855,2021093,60,0,33684.88333333333,137.7054612482853,0
45,78454,681,24569,2488022,60,1,41467.03333333333,84.1716589763853,0
44,90711,731,30738,1587288,120,1,13227.4,48.46755079317834,0
39,78539,667,11772,1281675,84,1,15258.035714285714,34.416068086282884,0
35,143984,686,29874,736502,60,0,12275.033333333333,29.273414638663553,1
36,103321,675,24731,522551,48,0,10886.479166666666,34.472642702516104,1
36,122985,658,15131,593608,60,0,9893.466666666667,20.34757626268786,1
27,49799,748,5788,786539,120,1,6554.491666666667,24.784617495665913,0
48,149584,713,21184,2091620,48,0,43575.416666666664,43.29301039326844,1
36,139843,721,35897,2844804,60,0,47413.4,59.574236822722625,0
57,95102,669,7889,2553790,84,1,30402.261904761905,40.26336134335967,0
29,85726,703,14569,2848379,48,0,59341.229166666664,86.21681772935476,0
36,83784,735,26657,828477,48,0,17259.9375,52.416854650052514,1
24,148034,732,15141,999755,84,1,11901.845238095239,18.26799602665282,0
34,78333,679,24656,2225282,48,0,46360.041666666664,90.65916237941437,0
55,75828,702,26618,2363032,60,0,39383.86666666667,87.04155017495737,0
45,104526,741,16934,1250310,48,0,26048.125,41.12098903622065,1
53,89362,748,28286,2724344,60,0,45405.73333333333,82.46428384921258,0
53,88997,712,12612,2330455,84,1,27743.511904761905,45.34480027951718,0
51,85341,660,37069,1380670,36,0,38351.944444444445,88.37597924144835,0
34,54073,680,21205,1878148,84,0,22358.904761904763,80.56498578200721,0
22,137399,698,32331,2922651,60,0,48710.85,58.98285285919111,0
55,49549,749,18934,2000033,120,1,16666.941666666666,71.84997006330434,0
36,118795,743,15095,962176,84,0,11454.47619047619,22.348984545204925,1
35,91920,736,30958,738826,120,0,6156.883333333333,40.37737525384392,1
50,120326,668,23706,2217354,120,0,18477.95,35.05805062912421,1
55,110515,661,36472,1250782,60,0,20846.366666666665,51.86478456921383,1
39,55316,664,39629,981809,60,0,16363.483333333334,101.22294333164608,0
28,61183,680,28004,1734832,36,0,48189.77777777778,124.53422973338637,0
50,128860,692,25431,2318182,48,0,48295.458333333336,57.2143864141963,0
52,59624,686,39502,672905,84,0,8010.773809523809,79.68733028566317,0
46,97515,728,36385,893781,60,1,14896.35,52.5881659231913,0
59,138712,678,9663,2506260,84,0,29836.428571428572,28.47585542089262,1
35,120781,675,17818,1566978,120,0,13058.15,25.563747609309413,1
29,81705,651,27686,1722493,48,0,35885.270833333336,77.80585133508762,0
48,124326,733,28977,537180,36,1,14921.666666666666,35.309321193207104,0
23,61756,664,23454,1945675,84,1,23162.79761904762,75.48545504735996,0
38,95390,653,18358,1133976,48,0,23624.5,44.011426774294996,1
58,103369,735,11668,1917240,36,1,53256.666666666664,62.80864346822226,0
35,105821,699,14921,1675711,84,0,19948.940476190477,32.95181530716065,1
46,44589,687,39959,2751347,48,0,57319.729166666664,218.16755066645732,0
51,148012,672,37328,2131345,60,0,35522.416666666664,49.219263753389356,1
50,49116,708,13859,1097726,84,1,13068.166666666666,54.82361484377121,0
41,108181,739,28970,1135779,48,0,23662.0625,48.6518542997384,1
42,79786,724,13872,857054,36,1,23807.055555555555,47.22514671189877,0
43,129686,677,24230,2381986,48,0,49624.708333333336,56.948867521038004,0
56,111425,715,31708,1489924,60,0,24832.066666666666,50.742711839054664,1
58,65286,657,23847,2977141,84,0,35442.15476190476,90.81450044711694,0
37,138081,678,32105,2465629,84,1,29352.72619047619,44.50845966532411,0
38,50994,660,9922,1603248,84,0,19086.285714285714,56.88568403005395,0
37,136039,667,9392,2134685,60,0,35578.083333333336,33.05675823354577,1
23,146915,704,18541,569224,36,0,15811.777777777777,23.382757225455386,1
25,125198,699,24551,1529922,84,1,18213.35714285714,34.15738042369458,0
42,139672,663,24381,734745,36,0,20409.583333333332,32.06840550241518,1
55,61639,723,27948,2651948,48,0,55248.916666666664,134.97447503474532,0
51,52205,748,31728,2863319,36,0,79536.63888888889,213.13023443901713,0
27,91677,658,7024,2318222,36,1,64395.055555555555,77.90291518653049,0
38,67930,748,21713,1716383,84,1,20433.130952380954,62.04347262237738,0
46,108313,660,7486,1063506,120,1,8862.55,15.093802221340006,0
26,128851,712,6155,1429717,120,0,11914.308333333332,14.023413348234264,1
26,148153,725,15082,1015729,60,0,16928.816666666666,21.606593634058484,1
41,127509,716,23569,1778342,60,1,29639.033333333333,41.728845284123736,0
37,53316,702,12086,1351112,120,0,11259.266666666666,43.78660564683522,1
58,62304,688,7317,2583805,48,0,53829.270833333336,98.14180603706558,0
30,136839,727,9491,1579593,84,0,18804.678571428572,20.67808049710139,1
26,131058,705,20916,854182,84,1,10168.833333333334,23.71837914002452,0
23,122876,677,20248,1448494,48,0,30176.958333333332,41.03727199236086,1
30,120366,724,7511,2998002,48,0,62458.375,58.13051443098549,0
57,48403,688,29226,2805258,120,1,23377.15,108.67745800880111,0
43,115052,674,30025,2542532,60,0,42375.53333333333,62.92853086720207,0
43,119627,670,12848,1446881,48,0,30143.354166666668,35.93783524343724,1
43,108495,659,19274,2074255,60,1,34570.916666666664,49.628938353533954,0
55,66932,692,35958,1852935,36,1,51470.416666666664,130.62274646905317,0
50,131090,664,21304,789258,84,1,9395.92857142857,23.418970609069014,0
59,71701,732,16294,2215818,120,0,18465.15,48.4779152313078,1
54,38385,697,31425,1399574,84,0,16661.595238095237,125.27444376213425,0
39,134226,735,8175,2268828,120,1,18906.9,20.176344374413304,0
28,92241,670,32775,1811147,36,0,50309.63888888889,90.07343685442362,0
22,45367,709,14425,2597951,84,1,30927.988095238095,99.96911432371127,0
54,100030,745,31013,1866379,36,1,51843.86111111111,82.8320115076588,0
22,81505,699,32928,2036201,120,0,16968.341666666667,61.2187493609799,0
45,68332,672,13210,2079889,48,1,43331.020833333336,82.7445718453043,0
25,120178,662,7759,1038769,84,1,12366.297619047618,16.746241091587162,0
25,111325,718,21091,787555,36,0,21876.527777777777,38.59647678219428,1
39,70268,653,5002,2300830,84,0,27390.833333333332,46.09898294150016,1
48,121486,741,35160,908177,84,0,10811.630952380952,37.84109358475952,1
53,60563,727,25707,1963559,84,0,23375.70238095238,81.04404071950265,0
54,140185,721,20248,1014111,60,0,16901.85,26.500588508042945,1
49,71404,658,10773,1077158,36,0,29921.055555555555,56.991282779053776,0
57,90182,684,17786,2530594,36,1,70294.27777777778,97.66946594417709,0
27,67991,670,20037,2684080,84,1,31953.333333333332,76.46649311428473,0
37,139601,707,6885,2070497,48,0,43135.354166666664,35.830942591146666,1
55,82663,667,21331,1234158,84,0,14692.357142857143,43.57857462571785,1
44,100886,746,27495,2465425,60,0,41090.416666666664,67.98308652009858,0
45,118848,721,18450,1305231,120,1,10876.925,24.675993706246636,0
34,59127,730,14491,1922771,60,0,32046.183333333334,78.70716142089627,0
39,92692,692,14268,1946053,48,0,40542.770833333336,59.13214822566493,0
34,129389,744,32757,2979129,84,1,35465.82142857143,52.7269098830437,0
58,72500,747,11791,1355434,36,0,37650.944444444445,68.19578544061304,0
38,68785,655,33314,808697,84,1,9627.345238095239,62.42835681921238,0
36,119146,735,33583,1025403,48,1,21362.5625,46.116162103637556,0
39,124126,727,26550,1223486,36,1,33985.72222222222,48.76957464368643,0
44,129979,716,5093,572908,60,0,9548.466666666667,11.264486314455926,1
51,82997,661,14967,2141973,120,0,17849.775,39.539712278757065,1
55,42170,749,21218,2337986,120,1,19483.216666666667,96.51699470397597,0
25,48303,661,13627,871087,84,0,10370.083333333334,49.68031661249474,1
24,106743,715,9947,509422,60,0,8490.366666666667,17.272670495176893,1
28,112852,651,28178,2771850,48,0,57746.875,76.13943483500513,0
39,70187,664,33876,1342606,120,0,11188.383333333333,64.20616828377524,0
28,100034,672,27908,2038148,60,0,33969.13333333333,61.856102258565414,0
27,106776,678,24971,950415,84,0,11314.464285714286,33.982790407689265,1
43,36893,730,37584,1941008,36,0,53916.88888888889,248.01693787138183,0
22,48753,745,13959,528834,84,0,6295.642857142857,41.54542870621881,1
25,73090,656,33261,1048723,84,0,12484.797619047618,62.588312517509394,0
50,99922,743,20835,2128661,60,0,35477.683333333334,56.35664151371403,0
42,111768,677,24257,1078843,120,0,8990.358333333334,29.74675965690836,1
47,94412,663,8346,585350,60,0,9755.833333333334,19.173233628493556,1
35,91030,693,35807,514716,36,0,14297.666666666666,55.041927569665674,0
30,52509,679,35418,1608837,60,0,26813.95,118.51673046525357,0
33,103653,730,16340,1445032,48,0,30104.833333333332,44.80799719577179,1
27,71929,681,38012,2217780,84,0,26402.14285714286,89.55239591422493,0
41,83291,719,14597,1192019,120,0,9933.491666666667,29.45155138810516,1
45,39042,737,30557,1940352,36,0,53898.666666666664,216.32003141915544,0
48,97574,655,12737,2409042,84,1,28679.071428571428,42.445806699091385,0
59,72201,676,22276,2377330,60,0,39622.166666666664,85.73034537841119,0
29,127282,731,12310,2926934,48,1,60977.791666666664,57.57906983443587,0
22,49016,737,24344,1387766,60,0,23129.433333333334,96.85293237582286,0
45,60022,673,15391,2212460,84,1,26338.809523809523,69.52419033655914,0
28,135962,683,15892,1055134,36,0,29309.277777777777,33.2455228503389,1
40,62938,689,16197,1360075,120,0,11333.958333333334,43.74298251189001,1
43,78678,696,18050,2513783,84,0,29925.988095238095,60.97764063046607,0
56,136248,728,18535,1835119,36,0,50975.52777777778,51.017650004240636,1
51,96720,724,10122,1230520,84,0,14649.047619047618,25.61109141754303,1
50,140514,735,14852,2820886,48,0,58768.458333333336,52.393682005589014,1
43,91805,673,10387,1548278,60,0,25804.633333333335,39.422289998729184,1
32,109323,714,36759,623182,120,0,5193.183333333333,38.37452625095665,1
41,36986,667,39878,548591,36,1,15238.638888888889,149.02027493886575,0
50,111478,693,38725,1523671,120,0,12697.258333333333,46.12771877261283,1
55,117994,725,12146,584106,120,1,4867.55,14.418995881146499,0
22,47161,706,5560,2150882,120,0,17924.016666666666,49.795417117250835,1
52,55689,677,6312,2959150,36,0,82198.61111111111,158.9373325272695,0
51,129699,720,23205,2525216,36,0,70144.88888888889,71.97425492015273,0
39,95924,672,16595,664486,120,0,5537.383333333333,23.072831964193874,1
38,136311,734,27030,2193696,60,0,36561.6,46.65184761317869,1
59,134273,683,26329,2327528,84,0,27708.666666666668,40.244625998277144,1
35,109308,660,7651,2564921,120,0,21374.341666666667,26.553721289079178,1
44,136128,735,15006,1235062,48,1,25730.458333333332,29.925113373687505,0
46,98745,684,26966,1227468,120,0,10228.9,37.66762874069573,1
36,36211,742,32846,2564618,36,1,71239.38888888889,287.4413545300845,0
43,35229,691,26774,592508,84,1,7053.666666666667,96.02221654508122,0
24,83542,677,9083,2115328,48,1,44069.333333333336,63.62348678908014,0
40,49345,731,38513,1178283,84,0,14027.17857142857,106.47518202741631,0
55,136489,727,13749,1664638,84,0,19817.119047619046,24.59254522168017,1
56,66819,731,35783,2402453,48,0,50051.104166666664,128.4576305641609,0
22,82779,741,22325,2589875,120,0,21582.291666666668,53.041582607505134,1
42,117421,673,23680,2969750,120,0,24747.916666666668,41.2429775480252,1
50,127244,657,22323,1924241,120,0,16035.341666666667,30.145501294101624,1
27,100584,702,27684,1402810,60,0,23380.166666666668,50.767683395636155,1
58,54950,721,39493,764814,120,0,6373.45,83.46942675159235,0
22,50173,653,17213,1847239,48,1,38484.145833333336,111.01019638716707,0
22,93032,740,36831,1475315,60,0,24588.583333333332,66.01984621778885,0
48,134273,749,32713,2700717,120,0,22505.975,41.124406991725806,1
42,63036,654,12187,685964,60,1,11432.733333333334,37.47022865241026,0
37,147857,746,37800,1736855,48,0,36184.479166666664,50.03786034253817,1
47,106356,698,37583,1546094,120,0,12884.116666666667,47.45112327152833,1
37,49292,747,19408,1788220,36,1,49672.77777777778,140.1460232447005,0
49,38052,679,27369,1254108,48,0,26127.25,140.58722274781877,0
22,79377,721,8414,1232878,84,0,14677.119047619048,29.090440615819503,1
57,124317,712,24510,2530871,84,0,30129.416666666668,43.95168534204225,1
31,102838,696,17120,1501622,48,0,31283.791666666668,47.068001776256516,1
38,102819,675,39311,2136617,84,0,25435.916666666668,62.9717432251497,0
44,148689,706,38039,2052053,48,0,42751.104166666664,54.334956968347804,1
28,143103,686,10295,2863304,36,0,79536.22222222222,62.773821808223595,0
28,50620,747,25460,2966704,48,0,61806.333333333336,172.3949690504412,0
36,65461,656,19963,2859792,120,1,23831.6,66.90181940391989,0
55,55750,689,16580,861911,120,0,7182.591666666666,42.623482810164425,1
25,133426,741,27286,1546251,60,1,25770.85,39.76500082442702,0
35,123719,688,32328,785356,84,0,9349.47619047619,33.68720745437337,1
35,44472,711,24093,2024205,84,1,24097.678571428572,108.36184244339937,0
37,104263,741,26605,1668694,48,0,34764.458333333336,58.86024604445809,0
28,147036,727,11722,2287282,84,0,27229.54761904762,26.491163809575625,1
53,92602,702,11766,2869180,120,0,23909.833333333332,38.52598575984679,1
40,60523,653,20928,616481,36,1,17124.472222222223,62.87274626542343,0
23,65766,731,26274,568259,48,0,11838.729166666666,57.95202561607314,0
31,138262,674,39416,2646962,84,0,31511.45238095238,51.299310281170804,1
38,101060,656,25612,2539246,120,0,21160.383333333335,46.28179629263144,1
58,44079,677,39898,2613527,60,1,43558.78333333333,189.33456596867742,0
33,43399,718,34047,2835269,84,0,33753.20238095238,156.22526413270438,0
27,95726,716,6506,1442722,36,0,40075.61111111111,48.66139931796075,1
43,127906,744,20222,1710213,36,0,47505.916666666664,52.95132102220901,1
53,51532,669,17363,2699806,84,0,32140.54761904762,96.06370336693243,0
41,117357,732,24613,2231009,84,1,26559.630952380954,43.604242569579114,0
22,78162,660,35628,700798,120,1,5839.983333333334,53.053892343252905,0
27,38749,716,9136,2730107,84,0,32501.27380952381,107.45380218721465,0
40,46353,736,16161,2671641,60,0,44527.35,130.92647725066337,0
39,147313,656,28574,2742019,120,1,22850.158333333333,34.908092519555865,0
27,63477,672,31902,2562044,48,0,53375.916666666664,134.34459200445303,0
54,59570,710,7810,2660151,60,1,44335.85,87.53709921101225,0
44,121373,720,16663,812051,120,0,6767.091666666666,19.30420412008162,1
44,46437,683,11152,2475718,120,0,20630.983333333334,68.4432313313378,0
47,73104,668,5012,2377631,36,0,66045.30555555556,97.20029759733471,0
34,98370,707,16162,2568444,120,0,21403.7,38.188167124123204,1
28,39551,658,27322,2962365,60,1,49372.75,193.913554650957,0
36,103359,697,12999,2276025,84,0,27095.535714285714,38.791528279381296,1
48,89880,731,12219,1654258,60,1,27570.966666666667,44.27010087524106,0
47,47916,690,10328,2942905,48,0,61310.520833333336,149.5085583799427,0
54,115703,697,8621,1490170,120,1,12418.083333333334,18.18369734002864,0
36,76445,694,29256,2233341,120,0,18611.175,62.616488979004515,0
57,82636,674,16314,1912210,120,1,15935.083333333334,39.025465091888925,0
48,108927,727,5652,2330836,120,0,19423.633333333335,23.020585652164602,1
26,113194,674,21182,2668477,36,1,74124.36111111111,84.19736126571294,0
23,64685,668,20659,2101794,36,0,58383.166666666664,122.19551158176805,0
54,86134,688,39413,2973722,84,0,35401.45238095238,86.85821206602779,0
37,123916,728,15435,2342556,120,1,19521.3,28.209674295490494,0
44,142967,729,33067,2450256,48,0,51047.0,58.834556226262,0
59,129455,676,27258,1616521,84,0,19244.29761904762,35.921592537211865,1
37,102847,723,33287,559980,120,0,4666.5,36.90287514463232,1
35,74993,712,8688,1343214,36,0,37311.5,61.33839158321444,0
50,79333,717,12689,665301,48,0,13860.4375,33.46581813368964,1
47,143574,668,6379,1120670,84,0,13341.309523809523,13.735292966560467,1
56,93865,677,32624,1602020,48,0,33375.416666666664,70.31312700864716,0
36,114096,734,30964,797180,120,0,6643.166666666667,32.96098607020988,1
24,84756,727,27891,1182527,60,0,19708.783333333333,56.16096008935454,0
44,96192,682,17516,1338099,48,1,27877.0625,47.19005998419827,0
50,95686,659,18886,2167391,48,0,45153.979166666664,66.92721941210486,0
55,83733,732,25307,946300,36,0,26286.11111111111,61.616221932942935,0
54,139089,679,29843,1087426,120,0,9061.883333333333,27.97121507332235,1
44,60993,671,10912,1349333,48,0,28111.104166666668,63.979643838910484,0
28,65492,652,26514,1631614,120,0,13596.783333333333,61.24531749424867,0
24,55981,731,26823,2556744,36,0,71020.66666666667,174.78013373585085,0
53,59143,724,33797,1973437,120,0,16445.308333333334,84.95055768786388,0
52,112603,697,11449,1418164,36,0,39393.444444444445,45.15194483667793,1
39,124452,651,6725,2966507,36,0,82402.97222222222,71.61634382912466,0
28,95277,725,20870,1293354,84,1,15397.07142857143,38.064875498358916,0
22,142044,703,14304,2166561,120,0,18054.675,22.78074047478246,1
35,146957,655,12522,1724369,60,0,28739.483333333334,28.07724935411946,1
53,84990,689,18663,1276385,84,0,15195.059523809523,39.83769799248091,1
27,97888,742,9784,2404514,36,1,66792.05555555556,78.22823589771531,0
31,104351,743,14472,2797167,60,1,46619.45,58.54419219748732,0
28,132372,651,33952,1576419,48,1,32842.0625,50.459358852325266,0
47,84999,722,15055,2212982,48,0,46103.791666666664,71.95236610626792,0
55,138013,651,34508,1506840,84,0,17938.571428571428,38.00118208326131,1
51,137811,742,17676,1481489,60,0,24691.483333333334,30.74317966877342,1
57,139879,746,30192,865208,120,1,7210.066666666667,26.738871929786935,0
42,105309,723,29722,2825149,60,1,47085.816666666666,72.93566235237887,0
38,47446,747,12446,719356,84,0,8563.761904761905,44.28141867546665,1
54,65733,704,9725,2175255,120,0,18127.125,42.3716017829705,1
31,111000,721,25061,984600,120,0,8205.0,29.96936936936937,1
33,83632,709,27671,1995318,48,0,41569.125,82.79142553089727,0
37,56576,746,6409,2408151,60,0,40135.85,82.26960195135746,0
53,38320,655,13205,2774284,120,0,23119.033333333333,94.79131871955462,0
36,45750,668,21365,2857761,84,0,34020.96428571428,121.06221701795472,0
48,138002,745,5256,1146231,48,0,23879.8125,21.1126016289619,1
49,88463,676,20704,1269822,120,0,10581.85,35.366028735177416,1
38,61572,650,34902,2822936,60,0,47048.933333333334,133.0977284046861,0
23,52948,682,6195,514925,48,0,10727.604166666666,31.960799589534382,1
57,73826,689,39012,1631760,60,0,27196.0,89.68114214504375,0
28,124051,681,16415,2149379,60,1,35822.98333333333,42.11008644294147,0
34,62867,718,26686,2796482,60,1,46608.03333333333,116.58586115662163,0
36,95231,666,16662,1856789,48,0,38683.104166666664,58.11668906833559,0
46,101262,657,33743,1249695,120,0,10414.125,43.60680709446781,1
44,126356,706,37161,2892001,36,0,80333.36111111111,92.98676842501433,0
43,107233,691,7402,2772133,120,0,23101.108333333334,28.445635516429956,1
47,79678,747,18275,2816830,48,1,58683.958333333336,96.58746245304016,0
54,142561,658,33182,2725653,36,1,75712.58333333333,76.3845535127653,0
32,47963,736,19915,1664937,36,0,46248.25,137.94643787919856,0
31,99360,684,5909,1733387,36,1,48149.63888888889,54.406842682054034,0
46,84434,720,5372,2805044,84,1,33393.380952380954,45.91205077620503,0
58,101617,728,27620,1111561,48,1,23157.520833333332,49.96951379526391,0
59,55269,702,39112,550818,84,0,6557.357142857143,82.63105383281251,0
45,111312,703,13515,2749119,36,0,76364.41666666667,80.74548715921614,0
54,132352,733,7431,2951603,84,0,35138.130952380954,32.16357210497836,1
38,114732,674,26054,1742057,84,0,20738.77380952381,40.7844139468708,1
45,142648,716,37624,1997116,48,0,41606.583333333336,55.54272287962911,0
58,116494,711,15585,1877640,60,1,31294.0,40.241557505107565,0
23,123905,704,36958,618642,84,0,7364.785714285715,35.771587679501,1
53,112225,695,6695,695428,84,1,8278.904761904761,13.342753185034317,0
45,117867,673,39675,901468,36,0,25040.777777777777,54.90576478384771,1
30,72528,747,38787,1317276,36,0,36591.0,103.9295168762409,0
25,113972,695,6403,595687,36,1,16546.86111111111,20.136402898177717,0
38,100602,671,22810,2047334,120,0,17061.116666666665,39.632528843031615,1
38,131261,660,13855,2358373,84,0,28075.869047619046,31.94465153215277,1
51,125748,697,15839,2887819,36,1,80217.19444444444,76.38785065722273,0
32,68332,657,5010,1690130,48,1,35211.041666666664,58.86120948701438,0
42,125937,688,14230,2709257,120,0,22577.141666666666,29.226630511022705,1
42,113929,684,34256,2179832,60,1,36330.53333333333,61.95659870036015,0
39,104206,698,30651,2385118,84,0,28394.261904761905,56.66205583628765,0
50,126137,695,37383,2294580,84,1,27316.428571428572,51.29298189383652,0
45,37251,687,18662,1942285,48,1,40464.270833333336,158.72398280135658,0
31,80717,657,18739,2636919,60,0,43948.65,77.66350335121473,0
38,134108,703,6789,2072837,60,0,34547.28333333333,30.823130114037443,1
39,62027,686,24420,1682618,120,0,14021.816666666668,61.97594058501406,0
41,132382,740,28761,2171179,84,0,25847.369047619046,41.250599815397145,1
58,121551,741,22357,595494,36,1,16541.5,32.0017934858619,0
39,44583,689,16317,1540016,48,0,32083.666666666668,108.56305467704432,0
38,85387,683,26534,1204537,48,1,25094.520833333332,60.46414657188252,0
30,58104,745,30734,1216861,48,1,25351.270833333332,96.52566231814217,0
35,47224,728,37872,1053188,48,1,21941.416666666668,126.65893754588065,0
50,95624,666,12689,2611278,36,1,72535.5,89.12459215259767,0
52,91058,682,8567,841447,36,0,23373.527777777777,35.077124226073245,1
25,139320,696,25732,716651,120,0,5972.091666666666,22.756310412479664,1
39,131372,701,25774,2926357,84,0,34837.583333333336,46.1373681860163,1
41,64299,729,28195,2040856,36,0,56690.444444444445,132.01674123150352,0
30,113572,742,27257,2614130,120,0,21784.416666666668,43.180904330879684,1
34,120469,658,9394,1811775,60,0,30196.25,32.863433746441,1
36,112928,682,27228,2672734,84,0,31818.261904761905,52.28664450336667,1
48,108474,709,17388,1105502,36,1,30708.38888888889,44.339094058381626,0
36,39141,742,16319,2060155,60,1,34335.916666666664,129.41651124566738,0
49,58350,726,11475,1247520,120,0,10396.0,37.48243359040274,1
58,110082,670,36555,2111589,36,0,58655.25,86.49029814138551,0
40,105871,707,23158,2995623,36,0,83211.75,100.47109217821688,0
47,40077,734,19728,968163,60,0,16136.05,89.48786086782944,0
47,81015,718,34545,1339812,36,1,37217.0,88.57865827315929,0
46,106147,659,36100,1270008,48,0,26458.5,58.93572121680312,0
47,94180,655,21150,804603,36,1,22350.083333333332,46.18823883343951,0
47,75857,662,38214,2895459,84,0,34469.75,95.81680003163848,0
49,136196,714,37876,1713619,60,0,28560.316666666666,48.7799323523941,1
39,94840,669,8239,2269085,84,0,27012.916666666668,37.16988260930691,1
53,94902,706,35615,1544654,120,0,12872.116666666667,51.091775375299434,1
24,40577,695,18746,2878772,84,0,34271.09523809524,130.65799649578636,0
23,55002,657,25921,1392008,48,1,29000.166666666668,99.85303564718859,0
54,85711,659,27745,848737,48,1,17682.020833333332,53.0002226474237,0
40,74451,722,6245,2046288,84,0,24360.571428571428,41.1083416321761,1
38,134811,716,29853,1949299,120,1,16244.158333333333,34.19391469044316,0
54,84103,660,32632,2012185,36,0,55894.02777777778,105.25906064917754,0
33,63647,661,17856,681601,48,1,14200.020833333334,50.36532881884981,0
24,69831,659,10105,568682,84,0,6770.023809523809,24.16551933886642,1
47,135304,674,7513,1795129,84,1,21370.583333333332,21.347176235243108,0
56,131498,698,7801,1914780,84,0,22795.0,23.2672740269814,1
29,148870,698,37345,1159774,36,0,32215.944444444445,46.7259652343954,1
57,130119,738,18895,1631606,60,0,27193.433333333334,35.42021790309896,1
28,101830,660,13221,1668936,120,0,13907.8,26.64126485318668,1
57,115632,711,11038,2528217,60,0,42136.95,45.986361906738615,1
37,71833,685,37031,1159297,120,0,9660.808333333332,65.00049884222202,0
45,147394,688,20082,1504366,120,1,12536.383333333333,22.130061829744314,0
22,127864,702,19648,2054473,84,1,24458.011904761905,34.494472177283605,0
46,59398,739,5364,1662936,48,1,34644.5,67.35664500488232,0
31,96554,727,39568,1812470,84,1,21577.02380952381,63.327281945360944,0
37,85755,705,19110,1089306,36,1,30258.5,57.56923794530932,0
37,52706,650,10958,1542960,120,0,12858.0,45.18650628011991,1
29,57340,705,14096,1945819,48,0,40537.895833333336,95.2805996395768,0
50,99994,653,12436,2733969,120,1,22783.075,35.22118827129628,0
49,98884,679,26177,692803,120,1,5773.358333333334,32.31094851880318,0
27,119361,661,31754,2159848,84,0,25712.47619047619,48.14510283130687,1
37,52482,684,29544,2442991,48,0,50895.645833333336,153.27092304663188,0
41,89225,726,17638,2953039,48,0,61521.645833333336,88.7191323433268,0
37,93849,701,5179,1357906,120,1,11315.883333333333,17.5759819852458,0
28,109854,680,8873,2265472,48,0,47197.333333333336,51.04077533210747,1
35,76256,736,22570,1299838,48,1,27079.958333333332,65.10957607707371,0
47,144545,717,22157,1737065,84,1,20679.345238095237,29.63530059019353,0
47,143721,701,9460,1402479,60,0,23374.65,22.84610460545084,1
35,116110,729,5352,2458979,36,0,68304.97222222222,63.437233849127736,0
28,148606,656,26586,2438165,60,0,40636.083333333336,45.235107151348764,1
54,49650,671,10344,2091189,48,0,43566.4375,108.58094159113796,0
47,81118,742,9507,2796908,120,0,23307.566666666666,40.45287934449403,1
41,63930,724,37885,2475516,36,1,68764.33333333333,166.82204494499192,0
24,120707,705,21865,2614821,36,0,72633.91666666667,78.28785129832295,0
25,135400,746,32213,834154,120,0,6951.283333333334,28.92487690792713,1
47,46801,707,9477,707836,36,0,19662.11111111111,62.261727550930765,0
32,86360,742,11533,2040866,120,1,17007.216666666667,33.04795815964181,0
23,122908,713,28396,632915,36,0,17580.972222222223,37.40763190534564,1
35,51559,661,17755,696681,60,1,11611.35,56.956787369809334,0
51,67334,656,5865,1302491,36,0,36180.305555555555,62.4429048557275,0
33,140473,704,16173,1896989,84,0,22583.20238095238,27.589787632464873,1
47,48288,711,38371,1277150,120,0,10642.916666666666,101.50330654959134,0
54,57398,739,16254,2622547,36,0,72848.52777777778,155.2362935603641,0
34,111230,722,9018,1778283,120,0,14819.025,21.43039198058078,1
35,47191,747,10192,1271469,84,0,15136.535714285714,53.67238607845927,1
45,53051,726,7015,2276984,36,0,63249.555555555555,132.44718394668445,0
55,96715,704,8380,2821991,36,0,78388.63888888889,89.71580301803121,0
47,45737,685,33343,1768458,84,0,21053.071428571428,118.93231175759544,0
42,100140,738,8770,2176099,84,1,25905.940476190477,34.62746202934938,0
49,60251,673,10829,2590651,84,0,30841.083333333332,69.16081614136418,0
57,85975,693,39381,2160809,120,0,18006.741666666665,66.74933604730057,0
23,40147,666,20545,1791378,84,1,21325.928571428572,104.2940408285266,0
30,85508,651,23263,1274456,120,1,10620.466666666667,39.62607787185605,0
44,87224,662,30675,1393155,60,1,23219.25,61.78832660735577,0
36,54643,680,30362,1027169,36,0,28532.472222222223,107.78045169961791,0
34,73967,742,5148,1371217,36,1,38089.36111111111,58.45493410725203,0
44,133850,677,6754,2397465,48,0,49947.1875,42.3617388868136,1
38,138535,709,31745,2763567,60,0,46059.45,56.162305554552994,0
23,75733,676,12378,2004181,84,1,23859.29761904762,47.84875499326267,0
41,119003,664,25140,971466,84,0,11565.07142857143,30.843820263834886,1
41,69808,744,14371,2570569,60,0,42842.816666666666,81.95882515853006,0
24,102288,728,31999,1688304,84,0,20098.85714285714,50.932521060981884,1
33,93959,682,17779,1816461,48,1,37842.9375,59.19809438159197,0
23,36849,669,36075,647733,120,0,5397.775,112.54789817905507,0
57,103178,691,35697,1315122,36,0,36531.166666666664,70.00345680926812,0
35,102136,661,14795,794977,60,0,13249.616666666667,27.458111407012876,1
37,95740,722,9218,1619816,36,0,44994.88888888889,56.62511895643293,0
40,147255,672,16672,1474645,120,1,12288.708333333334,19.66704582753274,0
55,121322,721,36042,2806456,60,0,46774.26666666667,68.26154091316221,0
27,79565,745,16009,855734,120,0,7131.116666666667,29.083286202057018,1
34,55183,663,24544,2421620,84,1,28828.809523809523,96.71965917730012,0
57,36132,740,34381,2970950,84,0,35368.45238095238,193.04066307138376,0
43,73259,674,30287,2716259,84,0,32336.416666666668,85.48221606446535,0
39,131612,726,7586,901176,120,1,7509.8,11.469926754399294,0
33,98668,734,7648,1571038,120,0,13091.983333333334,21.019969324738856,1
51,73563,680,23101,1543423,120,0,12861.858333333334,48.887155680618434,1
28,127227,703,26692,2352829,36,1,65356.36111111111,72.34970651757183,0
53,143835,654,12407,592889,120,1,4940.741666666667,12.060862562426857,0
40,45931,662,22254,588952,84,1,7011.333333333333,63.715863650548286,0
27,108169,677,20234,1217884,48,1,25372.583333333332,42.16234164440212,0
41,85639,692,27211,915331,120,1,7627.758333333333,40.680949489523854,0
48,138313,738,34480,1404498,48,1,29260.375,46.084153333381536,0
58,93901,748,29846,721576,84,1,8590.190476190477,40.93267428056195,0
28,135417,696,20321,1243681,120,0,10364.008333333333,22.65964268395647,1
26,36044,720,17646,1365796,36,0,37938.77777777778,154.21367711069186,0
32,81691,687,27117,2899940,36,1,80553.88888888889,131.8026329569829,0
36,135735,745,9893,2921939,48,0,60873.729166666664,52.13594810967448,1
24,59363,716,14476,754084,36,0,20946.777777777777,59.67147512386129,0
26,81694,711,22270,629466,36,0,17485.166666666668,48.663508539998865,1
44,36582,688,26702,2611740,36,0,72548.33333333333,271.3092048912944,0
58,114910,686,9382,2740604,84,0,32626.238095238095,36.55751291901322,1
30,101844,735,6785,2094575,36,1,58182.63888888889,63.791326822285946,0
36,56301,657,16735,1160457,60,1,19340.95,64.07692580948829,0
24,109329,730,35177,2451356,120,1,20427.966666666667,50.86021702079656,0
50,36620,701,35712,2232329,36,1,62009.13888888889,266.8518265671461,0
27,97224,740,21679,2357084,36,0,65474.555555555555,89.64201797452847,0
38,91655,682,22064,1894994,36,0,52638.72222222222,81.50425205632231,0
47,130419,730,35563,819753,60,0,13662.55,37.74415537613385,1
42,72534,691,38092,2046557,36,0,56848.805555555555,130.89145167170645,0
29,138496,725,31867,1274597,36,0,35405.47222222222,48.57358495712672,1
42,74390,676,38754,555486,120,0,4629.05,58.31838956849039,0
32,106629,657,24502,1234647,60,0,20577.45,42.276913410047925,1
59,90856,672,5760,529882,60,0,8831.366666666667,16.059882304599217,1
29,84252,713,29142,1787256,36,1,49646.0,93.5146940131985,0
45,90809,742,22290,2181594,60,0,36359.9,64.5859991851028,0
56,57259,669,10499,674898,48,0,14060.375,42.89172881119126,1
35,55655,665,5364,1898705,60,0,31645.083333333332,66.49731979756235,0
35,68005,666,24797,2903324,60,0,48388.73333333333,107.61816533098056,0
31,66629,729,37535,2517411,60,0,41956.85,119.30518242807186,0
33,58610,668,21105,1123226,84,0,13371.738095238095,58.82398583046936,0
59,92184,657,12939,1056831,84,0,12581.32142857143,27.684111590483628,1
55,56602,687,18936,1148567,84,1,13673.416666666666,57.61177461338233,0
31,120945,687,20863,2626514,60,0,43775.23333333333,53.444320421128054,1
38,46110,702,17561,2755970,48,1,57416.041666666664,162.6047314393118,0
38,41073,742,15447,903273,60,1,15054.55,74.26180215713487,0
24,135846,749,35624,1329347,36,0,36926.305555555555,53.406287675423314,1
52,115818,739,17411,1438565,48,1,29970.104166666668,40.909965779642775,0
22,45195,680,24465,1189517,84,0,14160.916666666666,85.46502194195523,0
33,36537,693,24642,873519,120,0,7279.325,87.3671210006295,0
25,52138,709,36262,1343224,48,0,27983.833333333332,123.22266549030137,0
34,79328,725,35363,1776784,84,1,21152.190476190477,71.24242446070804,0
55,81202,666,7107,2530888,48,0,52726.833333333336,73.68517195799775,0
42,75164,728,12928,1537904,48,1,32039.666666666668,59.82606921753322,0
43,124743,722,24317,1939918,60,1,32331.966666666667,45.41254151869577,0
25,89659,688,30017,2352637,36,1,65351.02777777778,106.36748990929831,0
39,121155,691,18528,2694102,120,0,22450.85,33.82349056993108,1
26,84692,697,18313,674942,84,1,8035.023809523809,31.110404535875652,0
40,59845,661,6559,2083452,48,0,43405.25,83.48943103016126,0
23,124846,745,20167,2466522,120,0,20554.35,32.61726446982682,1
33,138435,738,20343,1391712,48,1,28994.0,35.63910860692744,0
38,65562,667,12523,2543419,36,1,70650.52777777778,126.86240166220948,0
31,63036,728,33439,772743,120,0,6439.525,63.263095691350976,0
55,95752,745,20524,834738,84,0,9937.357142857143,31.812763329076304,1
27,109233,655,18285,1232790,48,0,25683.125,40.2516867613267,1
29,118049,692,15973,2206875,36,0,61302.083333333336,65.46017614154574,0
32,143575,684,27694,2850008,120,0,23750.066666666666,35.83079691218295,1
33,103681,747,9302,784293,48,0,16339.4375,24.73108621637523,1
30,62818,703,27391,697170,48,0,14524.375,66.72510267757649,0
23,65544,711,9611,1919754,84,1,22854.214285714286,49.5319392861502,0
29,97532,718,14372,1729140,36,0,48031.666666666664,63.98276121341372,0
32,113636,731,29312,679992,60,1,11333.2,35.767890457249464,0
57,92705,665,19080,1071054,48,1,22313.625,44.65090879672078,0
31,55104,657,20082,1295740,120,0,10797.833333333334,56.03918650793651,0
42,104603,738,35677,947095,84,0,11274.940476190477,44.885845029483356,1
41,137499,745,25874,2985500,84,0,35541.666666666664,44.6662642394975,1
29,94025,739,13378,1485979,48,1,30957.895833333332,47.153305858371,0
57,131264,735,6597,2906409,48,0,60550.1875,51.15430544551438,1
50,67317,680,16600,1335358,48,0,27819.958333333332,65.98624171209848,0
33,66416,659,8747,1979995,60,0,32999.916666666664,62.8567162531117,0
35,77012,705,18879,2292837,48,0,47767.4375,86.54032813068093,0
42,140585,725,18017,2471472,36,0,68652.0,61.648824554539964,0
43,103045,741,29815,704580,120,1,5871.5,34.63195691202873,0
42,56400,719,23964,1074673,48,0,22389.020833333332,82.18620715130022,0
51,83270,669,33812,1579229,60,1,26320.483333333334,72.21386253552701,0
41,107069,654,29714,1640441,120,1,13670.341666666667,40.51998399785808,0
45,84833,672,23890,1150101,84,0,13691.67857142857,44.30077749393347,1
44,98644,658,9725,1694447,48,0,35300.979166666664,45.644924340726924,1
28,115206,707,25684,2845687,120,1,23714.058333333334,42.87802573940015,0
30,104468,708,31325,2087916,84,1,24856.14285714286,53.77832719793895,0
22,147899,742,37542,2734268,60,0,45571.13333333333,56.195872408422865,0
47,94473,729,18092,2748095,36,1,76335.97222222222,99.95233794017572,0
59,80809,703,35382,720375,48,0,15007.8125,62.356683661473355,0
59,73328,695,30457,2486314,36,0,69064.27777777778,135.7207039299828,0
43,71784,671,11131,1267522,60,0,21125.366666666665,44.93531520487387,1
31,58723,713,30215,1505344,120,0,12544.533333333333,72.8156486101414,0
27,95646,657,17612,2328881,120,0,19407.341666666667,38.704537217099166,1
38,101255,669,18091,2942404,60,0,49040.066666666666,66.2990140404589,0
59,35074,700,34759,1783596,60,0,29726.6,183.85584763642584,0
45,61498,727,5559,549892,48,0,11456.083333333334,27.667701930686096,1
31,100522,688,5713,2778745,84,1,33080.29761904762,38.591848171591906,0
29,131881,686,20184,1377933,36,1,38275.916666666664,44.3277778199033,0
42,55541,699,20261,845535,36,0,23487.083333333332,78.76718700299477,0
27,80929,683,25372,2877216,120,0,23976.8,60.97789420356114,0
42,135453,724,37140,2365993,120,0,19716.608333333334,41.97515620424305,1
45,61028,682,38024,1707935,48,0,35581.979166666664,120.61017756876625,0
54,64545,680,37544,1283059,60,0,21384.316666666666,91.29803496268752,0
39,114569,703,5037,2722854,36,0,75634.83333333333,70.41331715676434,0
49,66673,693,17697,573527,48,1,11948.479166666666,44.463994670506295,0
53,65974,683,36707,1415108,120,1,11792.566666666668,73.51315164559776,0
33,93899,720,31016,1328667,120,0,11072.225,44.82286818815962,1
48,58097,711,39600,1183019,36,1,32861.63888888889,124.72526789488079,0
31,137511,672,28984,2884272,120,0,24035.6,38.556624560944215,1
53,128144,695,10167,1918351,120,0,15986.258333333333,20.40927264119532,1
47,99824,705,5432,1223666,84,1,14567.452380952382,20.034713476671325,0
46,58525,656,9151,1094670,60,0,18244.5,46.80991029474584,1
32,92804,738,11411,1303083,120,0,10859.025,23.99683742080083,1
44,50043,710,35788,680116,84,1,8096.619047619048,87.6938214088265,0
55,76846,652,31623,514633,48,1,10721.520833333334,55.10309037989399,0
44,112261,687,27104,579164,120,1,4826.366666666667,28.442973665535376,0
50,137240,733,5256,1287001,48,1,26812.520833333332,23.366744996599632,0
52,142611,683,38439,1353941,120,1,11282.841666666667,34.86536218571265,0
28,85227,693,38257,623425,36,0,17317.36111111111,65.20745903423928,0
54,88028,679,23066,1274508,84,0,15172.714285714286,43.43926283195607,1
42,72383,666,37746,1938242,84,0,23074.309523809523,84.02568216820183,0
23,64483,708,7460,795182,36,0,22088.38888888889,45.82353316205649,1
39,42265,659,39743,1728736,60,0,28812.266666666666,162.2033991876651,0
54,57763,748,8216,1752825,84,0,20866.964285714286,50.34877739333879,1
58,110652,733,19267,2802690,48,0,58389.375,70.1807242526118,0
55,50733,667,14581,1222153,84,0,14549.440476190477,57.41911670153643,0
41,147196,694,9515,2494837,60,1,41580.61666666667,34.71263938331658,0
56,126038,740,27076,2798618,48,0,58304.541666666664,67.74190455788465,0
39,72420,708,14776,2184038,48,0,45500.791666666664,83.2322447758446,0
45,143777,711,26947,811416,36,1,22539.333333333332,34.41881061180393,0
29,44247,708,7963,637980,120,1,5316.5,30.012204217235066,0
51,58840,698,11786,1520669,36,0,42240.805555555555,91.81985988367701,0
31,100149,749,18866,2141311,120,0,17844.258333333335,36.6556414276062,1
44,56058,712,37305,1229887,36,0,34163.52777777778,127.49032747828639,0
32,69929,736,22360,1887828,120,0,15731.9,54.47225042543151,1
23,119171,681,37813,726301,84,0,8646.440476190477,38.98552540147391,1
47,126164,659,6193,1324765,48,0,27599.270833333332,26.78440033078638,1
57,66362,660,9512,1407651,120,0,11730.425,32.009922847412675,1
54,121489,719,27666,1893749,84,0,22544.630952380954,41.32936393614315,1
34,119664,711,21630,1850417,60,0,30840.283333333333,43.84801054062486,1
46,82356,696,13983,2352642,36,1,65351.166666666664,96.33076723816923,0
25,112597,683,5636,1411952,60,1,23532.533333333333,25.905249103735738,0
40,41041,749,8775,1490391,84,0,17742.75,64.61282619819205,0
39,113209,666,7421,555063,60,0,9251.05,14.72678850621417,1
58,96954,703,18025,1087069,60,0,18117.816666666666,37.2783141145973,1
51,96869,725,14280,2504676,84,0,29817.571428571428,45.52289321513738,1
40,56059,734,16351,2815138,48,0,58648.708333333336,133.7870963330301,0
44,134864,689,35171,1855044,120,0,15458.7,37.54130086605766,1
37,79722,668,8644,721668,36,0,20046.333333333332,35.98797487937249,1
22,52548,716,21142,2891938,120,0,24099.483333333334,86.09553804775317,0
33,50078,731,12773,1015518,36,0,28208.833333333332,81.83600250276235,0
45,40419,702,33466,1049666,120,0,8747.216666666667,104.43904269444238,0
55,70490,713,15778,2902171,60,0,48369.51666666667,91.00229346952287,0
29,111086,732,17501,1666747,48,0,34723.895833333336,47.01303119505008,1
39,93760,696,7108,1910781,60,0,31846.35,41.546875,1
26,65337,655,34369,1088665,48,0,22680.520833333332,87.31579477682374,0
47,36468,665,30818,1078979,84,0,12844.988095238095,119.72959332905037,0
51,59309,721,15251,2559417,36,0,71094.91666666667,145.58653267913246,0
34,101344,667,28341,2908359,36,0,80787.75,107.68151049889485,0
40,125283,701,16678,1116070,84,0,13286.547619047618,23.917488900367662,1
50,107255,697,19367,2332760,120,0,19439.666666666668,36.18168539151244,1
24,116899,692,34672,2675495,84,0,31851.130952380954,56.906501298027315,0
47,63718,688,9332,2942367,84,0,35028.17857142857,69.61954011649544,0
33,129337,698,17002,1422996,48,1,29645.75,36.066825425052386,0
23,143895,661,25284,2367322,84,1,28182.404761904763,37.15654106251417,0
32,72841,659,20700,1094571,36,1,30404.75,70.15931961395367,0
49,108548,720,18769,2656719,60,0,44278.65,58.08273759074327,0
39,118565,704,34318,2906302,48,1,60547.958333333336,80.01177272663378,0
34,81660,650,29323,2526091,48,0,52626.895833333336,100.355003469671,0
58,141553,698,32610,2834930,120,0,23624.416666666668,39.72675723345084,1
43,85281,685,11963,1690334,60,0,28172.233333333334,47.062339012597576,1
33,148451,670,12838,1829611,48,1,38116.895833333336,34.32438705925412,0
23,35767,686,17243,1216079,84,0,14477.130952380952,88.68546691749644,0
58,38895,673,32939,1512968,48,1,31520.166666666668,165.72610018425678,0
28,93026,704,6845,1454227,48,0,30296.395833333332,39.92582270906341,1
47,77968,674,21766,749465,48,0,15613.854166666666,47.94255869929543,1
47,75097,656,17780,2821741,120,0,23514.508333333335,54.988226338380144,1
45,50332,730,6509,1831142,48,0,38148.791666666664,88.72643977323902,0
33,49621,742,28957,795625,48,0,16575.520833333332,91.76058691548604,0
37,111870,743,39346,1133672,120,0,9447.266666666666,43.616042430201716,1
44,53174,720,22263,558031,60,0,9300.516666666666,59.35892854904026,0
30,134189,746,31148,2474601,36,0,68738.91666666667,74.43748494039501,0
53,75502,720,36533,2418135,120,0,20151.125,75.07632248152368,0
36,71674,673,17931,2951550,120,1,24596.25,59.33427742277534,0
58,72260,660,6359,2581552,48,0,53782.333333333336,83.22908017344773,0
34,77498,722,29532,2215948,48,0,46165.583333333336,97.67682176744347,0
26,102609,661,25344,842368,36,0,23399.11111111111,47.50373857177354,1
32,84464,684,9242,1260791,48,0,26266.479166666668,42.03977927479953,1
31,106805,712,25601,2364968,84,1,28154.380952380954,50.33039740871771,0
34,99919,717,24116,2684847,48,1,55934.3125,80.11520581671154,0
36,89469,749,35782,1678642,48,0,34971.708333333336,79.08181418517401,0
28,52194,741,23880,1687558,84,0,20089.97619047619,84.24335400711995,0
49,61811,706,8499,2130969,36,1,59193.583333333336,109.51543144963412,0
53,107377,662,36587,2234441,84,1,26600.488095238095,58.84638991146902,0
56,78723,672,31020,1752876,120,1,14607.3,57.95930033154225,0
36,135336,732,13080,790699,84,1,9413.083333333334,16.620177434927392,0
57,110235,688,28207,2352947,60,0,39215.78333333333,61.16277346880149,0
42,146041,737,38957,2032579,120,0,16938.158333333333,38.27360695512447,1
27,111298,729,18908,2752375,48,0,57341.145833333336,68.50899911349111,0
22,94238,746,35652,2072900,120,0,17274.166666666668,56.16223462580558,0
25,140433,661,35344,2418715,36,0,67186.52777777778,73.01028090105444,0
32,142092,683,30034,991513,36,0,27542.027777777777,40.52024588138515,1
47,37147,720,30788,2677890,84,0,31879.64285714286,168.7017601882867,0
58,133919,724,17751,835740,120,0,6964.5,18.455558957280147,1
44,134251,680,38793,630613,48,0,13137.770833333334,38.68185029037649,1
50,73445,742,37839,573601,36,0,15933.361111111111,73.21446131269809,0
42,88803,711,14385,2240584,48,0,46678.833333333336,68.76325499513905,0
48,96108,662,23232,1312902,60,1,21881.7,46.940629292046445,0
34,141170,680,39790,1556904,36,1,43247.333333333336,58.82080706476825,0
44,37013,651,20831,637405,84,0,7588.1547619047615,76.7815490824974,0
37,120617,664,25125,621173,60,0,10352.883333333333,29.413667504027902,1
51,117410,706,22682,546638,120,0,4555.316666666667,23.198464071771284,1
25,88502,724,22288,1750251,48,0,36463.5625,66.3844461142121,0
37,72755,683,29405,1662496,36,0,46180.444444444445,103.89037790453499,0
52,43733,717,7620,2605039,60,0,43417.316666666666,116.70207089993063,0
46,44479,724,18854,2564798,60,1,42746.63333333333,138.4937461123976,0
33,110361,678,14677,1573494,36,0,43708.166666666664,52.90380357795477,1
47,56304,715,29074,1321929,120,0,11016.075,71.20288967036089,0
58,70694,665,22824,2952858,120,0,24607.15,67.09360058845164,0
54,140586,688,5765,1216369,84,0,14480.583333333334,14.400853095851177,1
49,116171,726,36615,1822649,120,0,15188.741666666667,44.59266225363186,1
30,149151,686,17975,2527842,84,1,30093.35714285714,32.22798180559108,0
33,121296,730,14341,1517977,60,0,25299.616666666665,32.680893571648426,1
26,44490,670,33141,1234459,36,0,34290.52777777778,151.5655827776529,0
49,56252,693,17334,2887842,120,0,24065.35,73.59622768968214,0
56,140290,668,20835,2806648,84,0,33412.47619047619,38.66809907368749,1
26,41862,720,31548,1976075,60,0,32934.583333333336,154.03607886229358,0
55,145463,657,30039,808710,120,0,6739.25,25.28357726707135,1
55,104959,726,37530,847608,48,0,17658.5,52.58100782210197,1
34,45450,715,23565,1676855,60,0,27947.583333333332,113.33901723505684,0
35,91022,690,14834,581991,120,1,4849.925,21.625458680319042,0
32,96991,724,5840,2951976,60,0,49199.6,56.74712086688456,0
59,75927,737,18873,2852221,36,0,79228.36111111111,129.20484295588014,0
25,135377,719,36568,985714,36,0,27380.944444444445,47.23767290192902,1
54,123090,710,15846,1176503,36,0,32680.63888888889,39.423705328531064,1
28,84853,675,10899,622772,48,0,12974.416666666666,28.135029600210558,1
29,66826,720,25502,1777991,36,0,49388.63888888889,112.06811553719942,0
58,77879,732,5565,1477469,48,0,30780.604166666668,46.66932570611676,1
31,92265,719,14187,2061853,36,0,57273.694444444445,77.45157366763608,0
36,107361,678,12226,1807589,60,0,30126.483333333334,39.44866695851691,1
59,143956,715,9311,1965741,120,0,16381.175,17.847241518241685,1
36,112990,668,30689,1206412,120,0,10053.433333333332,36.058441750007376,1
26,124787,717,11083,2831134,36,1,78642.61111111111,71.90301162069055,0
50,121184,707,17598,2287139,120,1,19059.491666666665,30.24944849705132,0
40,75736,719,21940,2802535,36,0,77848.19444444444,131.75794132835696,0
31,59530,706,31880,791799,36,0,21994.416666666668,90.49960804076377,0
33,113052,686,7580,688874,84,1,8200.880952380952,13.958957782596462,0
25,82058,710,14386,2120496,84,0,25244.0,48.29510833800483,1
52,141080,741,24522,2808436,84,0,33433.76190476191,41.08006939662738,1
39,109094,679,31224,1739658,48,1,36242.875,61.84288320164262,0
37,109255,720,19635,2810959,84,0,33463.79761904762,48.600794122967024,1
57,39886,722,5671,973818,36,1,27050.5,82.03755703755704,0
46,128721,674,38545,1829615,60,1,30493.583333333332,53.63428137858883,0
44,72387,746,31855,1784468,84,0,21243.666666666668,73.35387109103385,0
33,56575,714,19260,742718,84,1,8841.880952380952,49.67190623487575,0
55,147260,655,6074,1217167,60,0,20286.116666666665,17.900391597627777,1
57,143649,667,14475,869478,36,0,24152.166666666668,26.889965587415627,1
58,74643,659,17878,2224833,48,1,46350.6875,86.04783770748764,0
24,45100,741,20120,1087371,84,0,12944.892857142857,73.31461830852074,0
30,95356,660,28147,2170415,60,1,36173.583333333336,67.45310555532251,0
39,42856,746,6986,2413514,36,1,67042.05555555556,172.73673594258813,0
56,73169,714,37430,1162643,120,1,9688.691666666668,64.3970693417522,0
55,63804,726,22430,2416489,48,1,50343.520833333336,114.0579287087539,0
35,70790,733,7176,2859551,60,0,47659.183333333334,77.46176484437538,0
25,65988,714,23722,707627,60,0,11793.783333333333,53.82157867086945,1
50,144979,701,23617,2088351,60,1,34805.85,40.29745687306438,0
36,111448,716,32115,2092210,84,0,24907.261904761905,51.164903726187916,1
49,73506,731,16906,2868040,120,0,23900.333333333332,55.51428908297734,0
37,148430,727,11610,2491226,48,0,51900.541666666664,42.78821105347077,1
33,122904,680,18411,1930360,36,1,53621.11111111111,58.60843512913421,0
26,102306,740,14180,1329119,36,1,36919.97222222222,49.948167480130415,0
55,47305,666,15073,2774327,120,0,23119.391666666666,80.73647958284889,0
22,44969,704,35960,2397871,60,0,39964.51666666667,168.83745839726626,0
53,47404,742,10901,2990959,60,0,49849.316666666666,128.15441031699152,0
47,43989,685,9482,1554853,60,0,25914.216666666667,80.46606348556836,0
38,100305,675,30428,1348292,60,0,22471.533333333333,52.7386803582407,1
48,70983,702,12400,2730484,60,0,45508.066666666666,81.58019056205946,0
45,145284,666,12396,2269819,120,0,18915.158333333333,21.551690711525932,1
56,74462,735,12338,786885,84,0,9367.67857142857,29.15000748224406,1
47,54360,674,17500,881864,48,0,18372.166666666668,65.99000490556783,0
59,120657,651,16545,1282733,60,0,21378.883333333335,31.431150561785337,1
44,61287,735,10241,2035410,84,1,24231.071428571428,56.24695519208222,0
43,100472,654,28778,849760,36,0,23604.444444444445,52.13636082136759,1
25,143965,653,27821,2530812,120,0,21090.1,33.97429930885979,1
30,96313,685,9695,2691667,84,0,32043.654761904763,43.33647042653096,1
25,69160,655,16530,2239549,60,0,37325.816666666666,77.87133699633699,0
28,41789,670,19318,1736664,60,0,28944.4,115.49067936538324,0
44,62181,726,27331,2132974,60,0,35549.566666666666,101.12504891633564,0
23,49385,738,31355,719601,84,0,8566.67857142857,80.83766036535096,0
45,117597,675,16324,796177,60,0,13269.616666666667,25.16528199415518,1
52,100641,704,33149,2380221,84,1,28335.964285714286,61.09335587455838,0
52,79247,688,8218,512938,60,0,8548.966666666667,21.157856659137465,1
55,121673,733,25141,1679418,36,0,46650.5,59.00364090636378,0
45,135250,682,7837,1494199,36,1,41505.52777777778,36.48246046416102,0
47,40544,663,19379,1812994,48,0,37770.708333333336,140.95725220336755,0
37,48275,705,9239,2419398,60,1,40323.3,102.6665976178146,0
34,140289,749,25812,1698609,60,1,28310.15,38.57904040944051,0
36,98248,730,34669,1439479,84,0,17136.654761904763,52.72947516682758,1
48,69550,670,14611,1685622,84,1,20066.928571428572,49.86042929033584,0
25,88693,695,9150,2935760,60,1,48929.333333333336,65.48355939401456,0
37,54641,665,16109,1045501,48,1,21781.270833333332,69.34402890381459,0
51,106749,665,39214,1802619,60,0,30043.65,64.87896842124984,0
51,115021,733,31016,1504735,84,0,17913.511904761905,42.53963354931874,1
57,50605,678,16936,2512236,60,1,41870.6,116.20709416065607,0
24,138173,741,16036,1873464,84,0,22303.14285714286,27.74720304049478,1
43,85713,657,19021,2011602,60,0,33526.7,61.30656959854397,0
43,55390,737,20471,1321485,120,0,11012.375,56.83945658061022,0
33,110403,652,28244,2846118,84,0,33882.357142857145,56.272345083790434,0
42,93466,738,6502,945292,48,0,19693.583333333332,28.026858251485386,1
25,38981,668,39178,1578290,120,1,13152.416666666666,134.2459574322533,0
52,44493,746,8770,1189746,60,1,19829.1,64.2777515564246,0
52,106218,715,9001,817192,84,0,9728.47619047619,17.633052957574225,1
44,106318,728,25946,855439,120,1,7128.658333333334,31.109180320673204,0
41,130335,735,5598,512026,48,1,10667.208333333334,12.479539903581797,0
36,142441,723,35316,2703299,84,0,32182.130952380954,47.386729208852046,1
44,51984,731,30567,2181063,120,0,18175.525,93.76447560787935,0
49,146316,671,31508,788988,120,1,6574.9,26.027843844829,0
37,57760,695,35276,2949711,120,0,24580.925,103.63041031855956,0
58,126529,740,28671,554708,36,1,15408.555555555555,34.837511997688715,0
42,36524,662,21450,2124438,60,1,35407.3,155.67106560070093,0
36,84402,682,19908,1896268,84,0,22574.619047619046,50.33366395063985,1
38,126656,654,36212,1780985,84,0,21202.20238095238,45.330819211843405,1
58,100614,739,11806,2137094,84,0,25441.595238095237,37.02029065348285,1
34,70891,726,23015,2507708,120,0,20897.566666666666,61.943782238459974,0
40,126009,676,22158,1803027,60,0,30050.45,41.432318326468746,1
51,74832,727,20456,1327013,48,1,27646.104166666668,64.28012637196208,0
39,80836,673,32588,939844,84,0,11188.619047619048,54.15485556882954,1
35,108953,716,27491,1768276,60,1,29471.266666666666,52.281503645302706,0
57,48362,712,29188,787249,60,0,13120.816666666668,87.48359593620336,0
57,101745,743,32079,831301,36,1,23091.694444444445,54.22447731529259,0
41,72921,748,9019,1543840,84,0,18379.04761904762,37.57223244202304,1
40,105434,697,17419,1897955,120,1,15816.291666666666,31.522366282856257,0
28,53562,712,38697,1270802,60,1,21180.033333333333,111.79013728638463,0
25,99510,727,24396,764491,60,0,12741.516666666666,37.320386560814654,1
55,111407,661,34892,648182,48,1,13503.791666666666,43.440530367631,0
23,42610,677,12973,2790394,36,0,77510.94444444444,212.3537771519466,0
26,144381,693,26113,1207161,60,0,20119.35,32.021076180383844,1
31,127918,742,16136,955987,60,0,15933.116666666667,25.070057901676595,1
53,50791,692,24203,624926,120,1,5207.716666666666,57.9053703740164,0
34,93047,666,36285,581147,120,0,4842.891666666666,44.20120118506418,1
26,135848,689,28039,2092063,48,0,43584.645833333336,52.7233715868716,1
31,138826,698,6184,2427298,48,1,50568.708333333336,40.88046067259255,0
31,102906,734,27727,1978367,48,1,41215.979166666664,66.99607327723034,0
59,54665,706,21911,2818020,120,0,23483.5,83.04125125766029,0
48,105246,736,5916,2717939,120,0,22649.491666666665,27.141641170844178,1
42,100864,733,8574,2711579,36,0,75321.63888888889,83.17698969789905,0
29,81451,713,22790,2745215,84,1,32681.130952380954,68.10368313756854,0
22,138883,724,22625,1111781,84,1,13235.488095238095,25.820646223971323,0
49,121148,706,10206,2466714,36,0,68519.83333333333,64.98318860677298,0
35,80890,747,24517,988633,84,0,11769.440476190477,44.85899428383048,1
42,41794,723,21105,2677028,120,0,22308.566666666666,103.87511764049067,0
51,67888,723,7690,667071,84,1,7941.321428571428,23.025161189858924,0
42,41749,719,5690,2275823,120,0,18965.191666666666,59.05576580676583,0
30,81531,749,30103,2394656,36,0,66518.22222222222,118.50857001903843,0
38,55608,737,39263,955884,48,0,19914.25,106.41859085023736,0
26,115986,725,16085,2045140,36,0,56809.444444444445,62.84762337216944,0
52,104211,692,30825,2935079,84,0,34941.416666666664,63.108900851797465,0
59,118996,672,15720,1055943,120,0,8799.525,20.605335473461295,1
40,91017,676,16720,1067327,84,1,12706.27380952381,32.33052485747037,0
57,138947,707,5897,2914551,84,0,34697.03571428572,29.21548195663506,1
54,92676,686,22094,572219,48,0,11921.229166666666,36.703385090710285,1
34,46560,655,28572,2346252,84,1,27931.571428571428,121.35646784486991,0
35,89401,714,20150,1218590,48,0,25387.291666666668,50.93599810591232,1
54,85468,655,21799,866042,120,0,7217.016666666666,33.94956786945602,1
50,67463,699,14663,1839091,120,0,15325.758333333333,44.452156490718366,1
57,66663,671,32007,2757102,48,1,57439.625,134.1773172524489,0
31,148687,737,30671,2764381,36,0,76788.36111111111,72.27219670254367,0
52,103706,674,30385,1554490,120,1,12954.083333333334,41.790333571185215,0
27,93773,728,16236,1837900,36,0,51052.77777777778,71.75709188975267,0
22,68123,739,27024,1365048,120,0,11375.4,56.36774657604627,0
28,129346,721,22376,1776137,120,1,14801.141666666666,28.74239765177637,0
48,44718,700,23157,1675175,60,1,27919.583333333332,114.21929275310463,0
42,97637,737,24945,1178063,84,0,14024.559523809523,39.91269654312354,1
49,35028,697,28017,1738669,84,1,20698.440476190477,139.07571221934018,0
37,97370,719,6756,2691951,36,0,74776.41666666667,83.7346376365068,0
44,82599,748,7576,1122673,84,0,13365.154761904761,25.35279453977017,1
41,52397,714,30467,2547152,36,0,70754.22222222222,193.18133141634485,0
59,144198,709,36205,2582174,120,0,21518.116666666665,40.030455808448565,1
46,142323,695,17674,1424914,60,0,23748.566666666666,29.104618836496325,1
49,80406,685,27353,1105750,60,0,18429.166666666668,56.938744206485424,0
26,82657,707,34849,679340,120,0,5661.166666666667,49.00996487492489,1
42,102560,725,9535,542039,48,0,11292.479166666666,20.307604491679665,1
39,139143,687,22118,1596376,48,1,33257.833333333336,39.79778597078785,0
27,48503,660,5632,2900057,84,1,34524.48809523809,82.79176153070551,0
50,89943,661,18280,1118914,36,1,31080.944444444445,54.880251319662946,0
40,110839,691,19746,1667574,60,0,27792.9,42.89004772688314,1
54,117674,688,24285,741324,84,0,8825.285714285714,28.13729941557669,1
22,60345,720,23047,1009662,120,1,8413.85,52.13497390007456,0
24,85390,660,15207,928583,60,1,15476.383333333333,35.933227934574695,0
42,130041,685,10591,2471893,36,0,68663.69444444444,60.945928164536134,0
56,94557,701,32757,733229,36,1,20367.472222222223,56.18248487390909,0
24,100054,680,21226,2591706,48,1,53993.875,75.17927818977752,0
46,36906,682,34732,1337876,84,1,15927.095238095239,137.26520142550055,0
59,75167,662,32206,2658900,120,0,22157.5,72.32362605930794,0
41,42961,667,25256,1589766,60,0,26496.1,120.46297804985917,0
55,61140,690,38822,1588894,36,0,44135.944444444445,135.68522153163957,0
42,93701,707,14784,624078,60,0,10401.3,26.878368427231297,1
44,112567,705,24937,539759,120,0,4497.991666666667,26.148863935848578,1
27,115664,673,16219,1302930,60,0,21715.5,32.79715382487204,1
34,116199,722,14399,2229504,84,1,26541.714285714286,35.233275919512465,0
44,134764,680,38312,879179,48,0,18316.229166666668,42.02029411910203,1
30,116218,704,32657,867375,60,0,14456.25,40.538685917844056,1
38,115729,659,25047,1532203,48,0,31920.895833333332,49.225255409908776,1
23,63561,709,15559,1376332,120,0,11469.433333333332,42.52361248774144,1
40,85568,651,25157,1391111,48,1,28981.479166666668,63.26953904107455,0
40,144349,664,11618,2882778,60,0,48046.3,41.33336566238769,1
28,108302,652,11780,1997053,60,1,33284.21666666667,41.60977328827415,0
41,130380,692,32050,1528825,36,0,42467.36111111111,57.15398152409197,0
30,129968,680,13015,980533,60,0,16342.216666666667,22.58803449054126,1
38,64504,719,8130,1943828,48,1,40496.416666666664,75.3851182355616,0
48,72146,716,33083,2108678,36,0,58574.38888888889,127.04431138093435,0
23,75297,705,21480,1215054,60,0,20250.9,55.42172994940038,0
57,121394,712,16528,1958716,60,0,32645.266666666666,40.507164000417376,1
40,103607,724,10914,891637,120,0,7430.308333333333,17.705664996895322,1
38,51939,664,16179,748827,36,0,20800.75,71.19842507556942,0
26,125467,741,25472,745256,120,1,6210.466666666666,25.25163323158015,0
39,85715,659,17076,2941239,120,0,24510.325,48.516974858542845,1
28,79460,687,29783,2618670,120,1,21822.25,64.94494085074251,0
38,101576,696,18824,910275,84,0,10836.607142857143,29.200408701718068,1
57,103222,706,9299,2329210,120,0,19410.083333333332,27.812950081700926,1
25,47666,699,13118,1094091,48,0,22793.5625,75.33999601393026,0
59,97119,720,15756,571524,60,0,9525.4,26.031363584880406,1
46,70321,664,12953,2067431,84,0,24612.27380952381,53.419709346459534,1
26,36779,667,20185,1376004,120,0,11466.7,86.05916419696023,0
51,48186,731,19674,2474760,60,0,41246.0,126.4267629601959,0
33,51459,737,38927,1091309,36,1,30314.13888888889,134.55593557762276,0
25,121246,651,5386,2879339,36,0,79981.63888888889,70.40862287324026,0
45,122755,733,31617,2592195,60,1,43203.25,60.950877764653164,0
50,40057,747,12192,2260828,48,0,47100.583333333336,148.0205290793952,0
30,95663,692,15745,1670407,60,0,27840.116666666665,45.56110164501079,1
25,53733,675,35020,1268976,60,0,21149.6,104.5346435151583,0
45,54157,720,26159,936700,84,0,11151.190476190477,68.89264633600546,0
35,70030,687,8409,1743517,36,1,48431.02777777778,81.16525457343678,0
26,54613,743,30745,1724858,36,0,47912.72222222222,144.02747005698683,0
39,143612,691,34455,2392608,120,0,19938.4,37.87524719382782,1
40,118028,654,34166,2451475,60,0,40857.916666666664,63.564507292054984,0
33,121282,660,33072,840641,60,0,14010.683333333332,38.8208335394645,1
39,40188,714,17109,1132899,48,0,23602.0625,101.30153901662186,0
38,142106,683,7484,1448614,36,1,40239.27777777778,33.58287319168633,0
51,64680,650,39622,2294354,48,0,47799.041666666664,135.15930993609564,0
45,138361,732,7597,1893758,84,1,22544.738095238095,21.784851291359626,0
32,95119,651,8983,2055381,120,1,17128.175,27.451061302158347,0
56,137302,734,22040,1490671,48,0,31055.645833333332,38.67070096089884,1
44,109400,669,35554,2862313,36,0,79508.69444444444,105.17613751777371,0
38,90718,710,32916,848405,84,0,10100.059523809523,47.41733671797165,1
22,71445,736,31372,691196,60,0,11519.933333333332,60.034898639979474,0
36,40796,670,34048,2320282,84,0,27622.404761904763,151.1677732177291,0
53,82218,737,24669,2262204,48,1,47129.25,87.32668028898782,0
30,74131,717,14777,1090608,36,0,30294.666666666668,60.800025180648674,0
36,43123,661,25968,2559636,48,0,53325.75,183.8780928970619,0
49,43222,671,16292,2366135,60,0,39435.583333333336,128.93337497879168,0
45,59074,669,18923,837232,60,0,13953.866666666667,55.6536998792475,0
56,146958,731,32703,1729362,36,1,48037.833333333336,54.941434514169586,0
43,64825,650,23657,1842641,120,0,15355.341666666667,60.181012983673995,0
48,71839,679,8629,2778569,84,0,33078.20238095238,58.05649073755534,0
40,142112,746,7114,2837830,84,0,33783.69047619047,28.778491947330608,1
33,103322,673,39445,843275,60,1,14054.583333333334,51.77946936115574,0
41,91321,663,30574,1570639,48,0,32721.645833333332,69.3111615437121,0
22,134174,685,37349,2423921,48,1,50498.354166666664,65.47271018726926,0
42,137500,718,27257,1725619,120,0,14380.158333333333,30.281569696969697,1
22,145100,724,22973,634670,48,0,13222.291666666666,24.94506662072134,1
31,60988,673,30737,2607716,84,0,31044.238095238095,101.30064618488571,0
53,70507,709,17047,1251794,48,0,26079.041666666668,61.165617125486364,0
43,134244,744,27113,2909021,120,0,24241.841666666667,38.254850620263596,1
39,133644,704,5694,2703092,84,0,32179.666666666668,28.33921961828939,1
53,130251,726,20588,1477444,48,0,30780.083333333332,39.43776503315393,1
48,58806,729,25067,2090726,84,0,24889.595238095237,84.95152745994497,0
49,71901,673,11704,1820985,60,0,30349.75,58.48840767165965,0
39,52043,726,6971,1689353,60,0,28155.883333333335,67.49588481319934,0
50,110761,673,16441,686351,60,1,11439.183333333332,25.17148033453412,0
39,44752,703,36476,2135335,48,0,44486.145833333336,180.91291078238592,0
29,103993,675,19677,956195,120,0,7968.291666666667,26.583800512213962,1
52,77616,715,32818,817972,84,0,9737.761904761905,54.82859449696185,1
55,87127,729,6868,2039998,36,1,56666.61111111111,72.92183951141564,0
28,109777,687,23055,2180871,60,1,36347.85,54.112291281415956,0
57,35453,714,6728,2113798,60,0,35229.96666666667,118.34814167113268,0
39,110432,724,12632,1278894,36,0,35524.833333333336,43.60768014102192,1
59,122362,700,17043,2449428,36,1,68039.66666666667,69.53356979018541,0
30,45976,684,11403,2078914,48,1,43310.708333333336,119.00493373354215,0
30,149176,692,20732,2247888,84,0,26760.571428571428,31.836603360172834,1
29,134122,678,23526,2028362,60,1,33806.03333333333,42.746181337389345,0
56,105404,686,14340,1528520,120,0,12737.666666666666,25.68941090154706,1
39,116932,730,27394,1873368,48,1,39028.5,56.804382034002664,0
26,132170,707,38021,2683484,48,0,55905.916666666664,71.06523164611232,0
35,112707,703,9102,1381037,120,0,11508.641666666666,18.286922433093476,1
49,124647,688,24159,754547,120,0,6287.891666666666,24.4264937516881,1
51,68688,691,11212,1296747,120,1,10806.225,32.05541724901001,0
25,121840,677,36824,2907264,36,1,80757.33333333333,96.5047056248632,0
41,142810,678,16525,2868403,60,0,47806.71666666667,45.047067198842285,1
46,139779,692,33760,2063332,36,0,57314.77777777778,65.15626651913219,0
49,128789,652,32457,2863165,60,0,47719.416666666664,62.254087435003505,0
33,131516,659,15532,955911,36,0,26553.083333333332,31.999972119995533,1
23,37017,708,18518,2080835,84,0,24771.845238095237,116.9458498476247,0
35,42957,663,11476,2327791,60,0,38796.51666666667,117.02985931668104,0
43,149534,725,24743,1836371,48,1,38257.729166666664,42.131374247105455,0
52,142724,696,6004,523446,60,0,8724.1,10.319287576020852,1
44,39792,691,8271,2330283,60,0,38838.05,118.3882438681142,0
41,90982,743,5209,1717756,60,0,28629.266666666666,37.192265136693706,1
59,48237,681,30463,2741678,84,0,32639.02380952381,130.8166424311707,0
59,15903,551,29012,1656536,24,2,69022.33333333333,616.4518225072837,0
45,59416,413,49889,4657752,12,2,388146.0,737.2340783627305,0
30,69235,612,32412,1022419,12,3,85201.58333333333,169.87590573168677,0
50,73565,629,45614,2602985,24,1,108457.70833333333,209.4361562337162,0
30,70342,638,59494,1540397,36,5,42788.805555555555,145.40787233168743,0
54,57723,537,39657,4062330,60,1,67705.5,185.99605010134607,0
33,50572,472,20656,1796629,36,4,49906.36111111111,139.52851599919148,0
49,32610,378,23967,3615005,12,3,301250.4166666667,997.2935193703364,0
58,49052,392,34422,1647917,60,2,27465.283333333333,126.16668705319525,0
29,48457,349,30764,4372866,36,1,121468.5,314.1599768867243,0
33,36527,584,30873,3215680,60,3,53594.666666666664,231.2472052636862,0
57,52550,522,43949,3491539,12,2,290961.5833333333,637.3179511576276,0
34,69033,380,58847,3854657,36,1,107073.80555555556,240.3499855946512,0
57,44011,565,17271,4864306,60,5,81071.76666666666,223.45042527246974,0
29,52275,454,16607,3387657,60,3,56460.95,139.77608799617406,0
28,49764,532,34523,2352675,36,1,65352.083333333336,200.69745867159662,0
59,47004,615,42990,1552063,36,2,43112.86111111111,183.18198687582142,0
23,68533,535,18665,3379183,12,2,281598.5833333333,438.12992767474543,0
53,39064,458,31308,3102562,24,5,129273.41666666667,411.07264147723396,0
52,73453,615,20852,2157971,60,3,35966.183333333334,77.35311469011931,0
27,77289,550,20462,2930327,36,3,81397.97222222222,131.79103394043423,0
39,64581,613,46795,1894937,36,1,52637.13888888889,153.96500346679193,0
54,69852,600,19270,1825501,36,2,50708.36111111111,100.18089834379991,0
34,43702,581,39491,807311,60,2,13455.183333333332,121.15276951474381,0
39,35165,401,51230,3858538,12,5,321544.8333333333,1060.073463197308,0
46,72946,350,15347,2354936,24,5,98122.33333333333,155.5525091620285,0
37,23631,351,47830,3853321,60,3,64222.01666666667,474.1738253424174,0
48,73328,508,16783,2898895,12,2,241574.58333333334,352.33141955778603,0
39,36852,606,43390,3974376,60,1,66239.6,297.48616085965483,0
47,74262,430,23417,4764991,60,4,79416.51666666666,138.47393911646154,0
39,19507,569,21566,3017172,36,1,83810.33333333333,540.197535927274,0
53,15527,504,32426,4541282,12,5,378440.1666666667,2646.1400571048284,0
27,43981,518,45750,3378237,36,1,93839.91666666667,317.3868640246167,0
49,50764,556,25872,4779531,36,2,132764.75,312.4985225750532,0
25,51235,484,43695,597556,12,3,49796.333333333336,182.47552129078431,0
50,78251,444,16234,789400,36,4,21927.777777777777,48.76842184480426,0
28,65513,477,49752,4808783,36,3,133577.30555555556,279.836529475914,0
32,70969,313,43832,3703157,24,4,154298.20833333334,279.17852630491245,0
33,78478,545,32978,1420638,12,4,118386.5,192.87507326894163,0
46,62540,486,37641,2314931,12,2,192910.91666666666,368.6471325018655,0
38,48471,636,42127,3164639,36,2,87906.63888888889,268.27100511416904,0
40,15662,558,49720,887069,36,5,24640.805555555555,474.78486499524683,0
36,39940,339,33079,2355121,12,5,196260.08333333334,574.2090218661326,0
57,56882,388,32338,1218954,12,4,101579.5,235.43036461446505,0
23,21256,424,18291,2777651,60,5,46294.183333333334,303.84448312633293,0
47,43432,308,23548,974833,12,2,81236.08333333333,241.26009240498556,0
35,23367,649,59555,4509978,60,5,75166.3,576.5451277442547,0
54,61228,383,48736,4610891,36,4,128080.30555555556,288.7834088253014,0
42,53065,320,43022,2482369,24,3,103432.04166666667,275.98990232105285,0
43,40511,580,19234,4161632,24,1,173401.33333333334,475.5136464993047,0
24,23573,471,41720,727894,60,5,12131.566666666668,228.44596218837933,0
43,30582,324,56106,1561449,36,2,43373.583333333336,325.2880234560635,0
29,20378,402,55117,2722964,36,3,75637.88888888889,641.6473102801496,0
44,28500,489,28368,3465632,36,2,96267.55555555556,437.31773879142304,0
41,15305,535,23734,4657695,12,5,388141.25,2691.1156484808885,0
36,36881,612,56651,3144901,36,4,87358.36111111111,390.4703264854834,0
45,19697,336,48793,3011078,12,1,250923.16666666666,1521.6335821021812,0
46,66542,571,27197,4707752,60,1,78462.53333333334,158.78623025056856,0
29,74547,592,18359,3194598,24,3,133108.25,203.18356204810385,0
35,77151,631,53025,999600,60,1,16660.0,90.32287332633408,0
59,22222,451,50719,4106882,36,4,114080.05555555556,741.6031660316603,0
53,22933,581,22389,1468303,36,2,40786.194444444445,275.47723561873477,0
21,32849,319,29952,2567940,60,4,42799.0,221.47097324119454,0
25,39236,436,44075,3870803,12,3,322566.9166666667,934.4528409283992,0
29,59231,328,33939,4759774,12,3,396647.8333333333,726.961951230493,0
26,48170,330,30624,2093603,12,1,174466.91666666666,425.7648259636011,0
48,27901,318,16735,1868906,24,4,77871.08333333333,339.07775109613755,0
46,21940,447,39315,2623699,24,2,109320.79166666667,677.464866302036,0
48,63790,582,32422,2420831,36,4,67245.30555555556,156.2428367386041,0
35,34054,649,54137,3303943,60,2,55065.71666666667,320.67515318807386,0
26,55863,640,22127,1442980,60,2,24049.666666666668,82.66055648043726,0
47,74145,599,50680,1297118,36,4,36031.055555555555,116.94794734042155,0
58,58610,462,27606,4842912,12,5,403576.0,735.6799181027128,0
24,72520,412,47743,2383224,24,4,99301.0,202.7633756205185,0
31,19544,449,49010,4191689,60,2,69861.48333333334,608.224945422295,0
41,40318,629,30636,2738591,36,3,76071.97222222222,264.66583715021136,0
50,69812,554,40348,3665357,12,3,305446.4166666667,495.3223180351039,0
38,21074,386,25108,1145044,12,1,95420.33333333333,571.9290753218817,0
55,66500,649,23098,2884359,24,3,120181.625,215.45808270676693,0
23,54618,397,51180,3927194,24,5,163633.08333333334,393.30089591953816,0
32,68554,431,33883,922994,36,2,25638.722222222223,86.82457948802728,0
47,48518,611,59400,4010251,36,4,111395.86111111111,352.025765924216,0
50,40444,396,22160,1295707,12,4,107975.58333333333,321.7673408498994,0
41,35446,397,34929,501658,12,5,41804.833333333336,216.4809381406459,0
58,43543,589,32597,2822723,60,3,47045.38333333333,182.90513591928286,0
41,71586,526,26123,1956040,12,2,163003.33333333334,264.194581808361,0
58,39789,444,43357,4653123,36,3,129253.41666666667,433.81441269362557,0
35,16617,455,19960,2350007,24,1,97916.95833333333,709.3756895548735,0
38,78103,569,48556,768520,36,3,21347.777777777777,89.50203932983084,0
49,50298,461,33255,1862393,60,1,31039.883333333335,127.82791230930322,0
58,18333,411,28350,3387060,60,4,56451.0,462.5593192603502,0
41,55002,630,45881,3104878,24,2,129369.91666666667,318.62644388688904,0
37,73941,484,33409,3577534,36,1,99375.94444444444,179.58229459223494,0
38,78620,504,47635,3219771,60,3,53662.85,128.8448867972526,0
57,37152,396,17446,4059559,36,3,112765.52777777778,350.4832250693847,0
58,39091,354,45657,3132604,60,4,52210.066666666666,250.3570301774492,0
32,15511,416,36207,1709207,24,5,71216.95833333333,692.5662970365117,0
31,62314,392,23752,4569809,60,5,76163.48333333334,160.34195097944817,0
40,79475,592,28440,2052892,36,3,57024.77777777778,107.53668169585124,0
29,52850,503,59864,2207806,36,5,61327.944444444445,229.31304530642277,0
21,71012,581,21499,3155534,60,2,52592.23333333333,104.33621547531872,0
23,31636,488,36139,2914625,12,5,242885.41666666666,881.9838685885277,0
41,35517,622,29767,4310305,24,2,179596.04166666666,589.472764216197,0
43,46786,383,37343,4351910,24,3,181329.58333333334,467.38892688696046,0
29,23820,479,42712,4071033,60,3,67850.55,464.15848026868184,0
39,51244,573,34673,3465902,60,3,57765.03333333333,180.38801290557592,0
39,24178,480,44488,661101,12,4,55091.75,411.8609893291422,0
43,16725,480,41520,3200463,24,5,133352.625,1045.5762331838566,0
47,33477,582,59105,1338394,12,1,111532.83333333333,509.71662136193004,0
47,61533,586,30784,4020909,24,1,167537.875,322.30165114653926,0
59,49469,405,53079,969596,60,3,16159.933333333332,139.96428739884237,0
56,23496,428,59220,1633435,24,5,68059.79166666667,541.7083404267394,0
32,69986,561,35491,3691685,24,2,153820.20833333334,270.49868306994733,0
47,27270,310,50268,4515024,24,1,188126.0,874.1987532086542,0
54,25472,461,29718,4558518,12,3,379876.5,1608.0186086683416,0
53,35724,480,50597,4995181,12,1,416265.0833333333,1306.858367857276,0
48,45416,512,47815,3166829,24,1,131951.20833333334,395.82131480829077,0
51,50575,573,50132,4855091,36,1,134863.63888888888,365.784753116933,0
52,30654,320,41832,4095195,12,3,341266.25,1249.7496248450448,0
40,26078,574,46862,2614732,60,3,43578.86666666667,346.80905999948874,0
55,43030,559,27864,723080,60,4,12051.333333333334,92.761639166473,0
51,70453,632,37842,4049551,24,4,168731.29166666666,293.2072327177929,0
51,22572,415,23177,3599586,60,4,59993.1,368.4657983342194,0
58,32408,324,55699,2973836,12,1,247819.66666666666,936.5547601415287,0
42,76656,632,26844,4423313,36,5,122869.80555555556,195.30604982722235,0
29,34359,553,23594,3264481,36,3,90680.02777777778,332.5883401082039,0
29,23698,510,28418,3067604,36,4,85211.22222222222,479.4886582083814,0
35,19856,604,49854,4035054,60,5,67250.9,589.7708501208703,0
33,42527,620,38108,1298377,24,4,54099.041666666664,216.8200006270526,0
42,54492,638,25419,2643678,60,4,44061.3,127.50550539528737,0
36,24245,556,37539,3169157,24,5,132048.20833333334,699.4729153777412,0
52,58634,467,59370,4098370,36,4,113843.61111111111,295.41496590904785,0
22,66719,636,58950,3860966,12,1,321747.1666666667,570.5978307028982,0
46,57864,320,27835,3998352,60,1,66639.2,163.26939029448363,0
34,43946,385,32533,2030688,12,1,169224.0,459.10207982524,0
58,52355,314,44515,3330861,36,2,92523.91666666667,261.74943494731485,0
54,52690,349,50921,1532540,24,4,63855.833333333336,217.83418738533564,0
28,52814,603,56968,3781401,12,2,315116.75,704.5191615859432,0
56,46645,604,37322,4372023,60,3,72867.05,236.22907063993998,0
41,34278,495,25223,3766112,12,5,313842.6666666667,989.1640896979599,0
48,22203,600,25273,1337769,12,3,111480.75,615.9246498220961,0
26,71630,587,48519,3030572,60,2,50509.53333333333,138.25008143701427,0
40,63171,544,39160,2617347,24,1,109056.125,234.62684617941778,0
51,36658,500,23849,4066792,60,4,67779.86666666667,249.95598959754125,0
53,73444,492,40656,2709417,36,4,75261.58333333333,157.83125011346513,0
27,76005,635,25348,4534146,24,1,188922.75,281.91665022038023,0
28,57596,445,32924,3958870,12,4,329905.8333333333,629.9566520823205,0
29,30797,609,53935,2795614,60,5,46593.566666666666,326.42324468833544,0
22,73799,426,54132,1842278,36,5,51174.38888888889,142.69351737677866,0
37,67765,474,16983,2337993,60,5,38966.55,82.56408175311739,0
57,47806,433,39890,4493954,24,3,187248.08333333334,475.12463568031905,0
37,45958,365,29629,543585,36,1,15099.583333333334,97.32491260136067,0
58,67236,578,26273,4996712,12,5,416392.6666666667,658.375969222837,0
55,21265,545,46739,2525341,24,2,105222.54166666667,714.608707578964,0
59,76583,536,55416,4204038,36,5,116778.83333333333,224.84733339426936,0
50,75075,470,22894,4054611,24,3,168942.125,255.52597402597402,0
26,21598,350,39343,2201009,12,2,183417.41666666666,1031.3937247275983,0
24,50183,627,58095,1427510,36,1,39653.055555555555,194.78320458233975,0
57,32142,452,46174,938292,60,1,15638.2,192.30975048223507,0
55,68494,379,59179,1748509,60,5,29141.816666666666,128.94679339309525,0
29,71218,444,21900,4089337,12,2,340778.0833333333,509.25058739831684,0
26,67268,573,18800,1256701,36,2,34908.36111111111,79.8423635474685,0
33,64916,454,50246,4417557,12,5,368129.75,644.4878766405817,0
42,41998,636,57735,1258339,12,5,104861.58333333333,387.153158086893,0
48,40890,624,57926,1861349,24,4,77556.20833333333,331.3333537132143,0
50,43878,635,22054,2112780,60,4,35213.0,130.51415287843565,0
56,76339,442,53827,561330,12,5,46777.5,131.7865049319483,0
22,29306,597,57727,3391135,24,3,141297.29166666666,679.1247241747992,0
56,79006,333,59775,863116,12,4,71926.33333333333,166.69788792412388,0
28,68181,603,56201,1930343,12,5,160861.91666666666,318.36276479762205,0
29,62345,538,44373,2972512,12,2,247709.33333333334,468.49359745502187,0
21,26885,437,42525,4679077,60,4,77984.61666666667,448.2410885871924,0
33,59145,553,53977,4557166,36,3,126587.94444444444,305.2919848583049,0
35,58826,304,22115,1087699,60,1,18128.316666666666,68.41076508119993,0
52,70597,475,46107,1264797,24,2,52699.875,139.95902800402283,0
54,22443,513,45486,3718913,36,3,103303.13888888889,662.9645719774044,0
51,46839,322,28068,4678431,24,3,194934.625,476.1045816520421,0
34,65469,617,33640,4821878,12,3,401823.1666666667,665.1440630934743,0
34,32084,312,47158,4358223,36,2,121061.75,524.3104039396584,0
49,38911,540,51136,1578000,24,3,65750.0,300.3932050062964,0
39,19383,575,31128,3687287,12,1,307273.9166666667,1745.8696624189581,0
47,41777,391,39942,748290,24,4,31178.75,170.2390071091749,0
29,49361,407,17827,1821795,24,2,75908.125,189.89713539028787,0
57,29758,528,30990,2058544,60,3,34309.066666666666,219.43365369536485,0
57,76331,451,50255,4966398,12,5,413866.5,608.0380186293904,0
48,44521,407,34987,4306501,60,4,71775.01666666666,239.80147945164452,0
44,35529,588,35901,3119189,36,2,86644.13888888889,344.91581212217875,0
48,73574,475,31277,4462245,12,5,371853.75,547.9255579416642,0
56,38091,619,16643,2025637,60,5,33760.61666666667,132.3242148188986,0
38,71149,585,38729,4004179,60,3,66736.31666666667,148.2316219014556,0
45,54794,628,36087,1378606,36,2,38294.61111111111,135.74772988121165,0
55,46381,540,36818,1598168,24,3,66590.33333333333,222.95408320936016,0
24,50380,444,15019,2815375,24,1,117307.29166666667,262.65639473335983,0
34,45932,313,48443,1736981,24,5,72374.20833333333,263.0349393306047,0
59,59097,574,24457,3129479,36,1,86929.97222222222,188.48160181095864,0
46,71551,370,48922,2736422,60,3,45607.03333333333,132.11420292285686,0
28,16908,614,24820,2762578,12,4,230214.83333333334,1508.367833767053,0
44,54722,494,47750,2385428,36,5,66261.88888888889,208.34744506576675,0
36,62953,599,57586,2600588,24,4,108357.83333333333,263.59956369566714,0
40,45358,310,51484,2317705,24,2,96571.04166666667,326.4143958434382,0
35,45412,405,53010,4236029,12,5,353002.4166666667,894.0641607211016,0
27,77783,557,52790,1346454,36,1,37401.5,115.95271460344804,0
37,33174,495,37869,3261418,24,4,135892.41666666666,523.7879564317436,0
42,72320,444,49421,3139986,36,2,87221.83333333333,188.94197087020646,0
42,30496,519,17502,3154589,60,5,52576.48333333333,229.7956562609304,0
32,17928,649,31665,3844181,36,2,106782.80555555556,772.2434491050623,0
38,45632,473,40600,3622870,60,1,60381.166666666664,221.29463242169237,0
35,47309,515,44394,2327916,12,5,193993.0,503.89355090997486,0
57,24280,392,29086,1214564,60,2,20242.733333333334,203.16611751784737,0
36,55449,559,51171,4830005,60,3,80500.08333333333,237.46340481042637,0
25,36635,362,49003,2602856,12,5,216904.66666666666,725.8295800918975,0
22,41957,328,28149,1681424,24,5,70059.33333333333,234.0690071581222,0
48,51895,574,45394,3834055,12,5,319504.5833333333,703.1478626714198,0
47,19963,646,29396,1662108,36,5,46169.666666666664,378.528611264172,0
51,42521,584,38324,924452,12,3,77037.66666666667,271.30515901946495,0
56,47615,369,32169,3515989,36,1,97666.36111111111,272.6774359153862,0
21,59529,578,59277,1182637,24,3,49276.541666666664,182.354048726951,0
49,61322,530,41243,4947434,36,3,137428.72222222222,291.3664300287372,0
21,36695,601,46016,2835560,12,2,236296.66666666666,769.3491393014488,0
28,24357,554,18194,1114181,12,4,92848.41666666667,455.8952936185354,0
36,78123,471,47398,2296543,24,4,95689.29166666667,183.1564221377401,0
48,40176,479,19789,2397966,12,2,199830.5,546.6435185185185,0
42,33409,563,35159,2472907,24,3,103037.79166666667,413.6513863529788,0
38,73928,482,58406,876645,24,2,36526.875,128.41261091873173,0
42,71967,621,20350,4523360,12,5,376946.6666666667,552.0539506533087,0
32,15987,504,48301,2073656,60,2,34560.933333333334,518.3082087529451,0
39,69462,548,39977,932911,36,2,25914.194444444445,94.85933955895949,0
45,16965,512,51431,1980929,60,5,33015.48333333333,497.7688378033206,0
25,55084,458,15129,3758832,24,4,156618.0,311.7910827100428,0
54,46318,399,49626,2277346,36,5,63259.61111111111,243.71866468999332,0
59,41015,616,42549,2024004,60,1,33733.4,185.98659027185172,0
30,44191,411,27342,4471792,12,2,372649.3333333333,905.1420726693973,0
27,61814,607,51417,4337878,60,2,72297.96666666666,200.14069088987392,0
57,15868,465,25978,4069829,36,4,113050.80555555556,876.1583410357673,0
35,66215,335,52628,3591200,36,3,99755.55555555556,230.13449453379985,0
44,78271,411,57180,4214886,36,5,117080.16666666667,222.63694940229036,0
46,65281,386,23833,3380729,36,3,93909.13888888889,180.36203319325514,0
46,52146,482,48491,2444422,60,1,40740.36666666667,171.11833442002583,0
46,63231,384,44473,4169266,12,5,347438.8333333333,619.8096397863917,0
30,44032,568,15737,4834965,12,1,402913.75,950.7874954578489,0
37,43305,464,44429,2615229,36,1,72645.25,270.3481122272255,0
34,69306,602,16299,746797,12,1,62233.083333333336,113.31209900056753,0
22,37640,389,15339,1836408,60,5,30606.8,122.06641870350691,0
33,70603,537,47920,3390632,12,5,282552.6666666667,468.07170611258255,0
47,33318,321,57381,1833288,24,4,76387.0,401.4886847950057,0
29,28246,466,34435,3481167,12,2,290097.25,1148.9494087658431,0
27,48844,514,48194,3589675,36,3,99713.19444444444,302.81548285243724,0
30,47602,357,39509,3007913,12,3,250659.41666666666,609.5719017408231,0
29,36584,329,57095,4646181,12,1,387181.75,1214.4017876667397,0
42,65791,405,59289,594449,12,5,49537.416666666664,165.4123157676075,0
43,30169,629,16373,3824922,12,5,318743.5,1110.7975073751202,0
27,40968,466,22082,4688851,24,1,195368.79166666666,530.7820534726291,0
29,21385,649,40532,4859122,60,2,80985.36666666667,568.2364585768842,0
47,23222,453,57661,4808368,36,3,133565.77777777778,823.4724734207983,0
44,72148,626,33866,4443183,36,4,123421.75,218.00708266341408,0
49,64855,306,22593,3281268,12,2,273439.0,456.4520854213245,0
37,40444,496,24495,3563945,60,5,59399.083333333336,207.43270530445392,0
40,53248,620,22837,3591337,12,1,299278.0833333333,604.9336751302083,0
27,72576,345,26172,586728,24,3,24447.0,69.74619708994709,0
27,55545,317,33680,1654272,60,1,27571.2,110.27311189125932,0
48,77497,452,45346,773591,60,5,12893.183333333332,75.15024237497366,0
39,20362,563,58085,2683721,60,1,44728.683333333334,504.92919817961564,0
40,48718,373,38412,737963,60,3,12299.383333333333,104.09167727191866,0
59,23250,444,37863,3328177,12,1,277348.0833333333,1355.7465949820787,0
27,17818,401,45804,4528054,24,3,188668.91666666666,1315.9328581584166,0
26,51368,634,25934,2348915,60,1,39148.583333333336,126.69869049473084,0
45,59109,634,45723,3537025,36,1,98250.69444444444,243.57321972025315,0
33,30053,420,35405,2338042,36,3,64945.61111111111,333.912125615117,0
59,72645,475,33748,4173255,24,1,173885.625,285.81956776102965,0
42,71997,362,20230,1027703,36,2,28547.305555555555,67.74908059440749,0
37,42426,595,37354,3075856,12,4,256321.33333333334,692.2060371784598,0
42,67096,383,23954,2411952,12,2,200996.0,335.2658876833194,0
54,62101,314,38139,1683132,24,4,70130.5,174.34421345872047,0
28,54023,433,32388,2615377,60,2,43589.61666666667,140.6393881618323,0
38,71732,420,54825,2265040,36,4,62917.77777777778,164.14261107703365,0
44,74267,618,51523,2880232,36,1,80006.44444444444,177.10348397598455,0
22,39892,427,50614,3599602,24,3,149983.41666666666,502.8512400147063,0
22,74232,587,50732,1381965,24,3,57581.875,145.9126454898157,0
47,69416,600,56646,2961565,36,5,82265.69444444444,200.11480702495743,0
34,58675,479,36021,4209968,60,4,70166.13333333333,180.9750887658003,0
59,44361,381,42702,1345377,24,5,56057.375,222.62657514483442,0
32,74225,312,50523,2254234,12,5,187852.83333333334,321.1530257101157,0
52,31007,323,34116,3600902,36,4,100025.05555555556,432.6153950899976,0
48,29241,467,21473,1105109,24,3,46046.208333333336,230.90594826898308,0
48,59858,569,37735,647215,24,4,26967.291666666668,108.09297281343626,0
45,60073,369,49461,3433328,24,1,143055.33333333334,320.470649598544,0
24,38902,617,26084,1868051,36,5,51890.305555555555,200.4377809766993,0
46,39506,388,59771,4154870,12,5,346239.1666666667,1027.7177306400717,0
56,32562,488,43756,3717247,12,4,309770.5833333333,1085.702915463833,0
23,35239,556,32068,2689678,36,5,74713.27777777778,303.0201702028371,0
21,77969,516,43916,3328369,24,3,138682.04166666666,234.19313017566807,0
37,28065,331,17919,2788421,36,5,77456.13888888889,339.83658966288573,0
27,60415,440,38550,609365,36,4,16926.805555555555,91.82621129778292,0
25,56291,460,51524,1021291,24,3,42553.791666666664,167.1275899640558,0
39,53805,331,18283,798510,36,3,22180.833333333332,75.20459684663754,0
59,48295,611,19691,599830,60,5,9997.166666666666,61.47254719260103,0
54,33443,451,38212,2566353,12,4,213862.75,753.7444308225937,0
55,24290,646,55118,4223635,60,5,70393.91666666667,516.722588170715,0
36,15211,559,43602,3406375,60,1,56772.916666666664,659.883746411588,0
59,33098,515,32540,1819021,60,1,30317.016666666666,189.91182750216527,0
47,34072,578,50829,1652199,36,3,45894.416666666664,283.8794807075213,0
58,58290,584,20919,3088897,24,5,128704.04166666667,256.6873248699034,0
45,34650,397,37277,874968,36,1,24304.666666666668,177.72486772486772,0
46,30115,329,32676,3550435,12,2,295869.5833333333,1090.9698931872267,0
34,20149,389,57844,2040709,36,1,56686.36111111111,568.417098174158,0
34,56992,447,24752,2095164,36,5,58199.0,145.5484980348119,0
34,32716,443,31012,1142313,36,5,31730.916666666668,191.78052532909484,0
45,47188,366,24175,922701,36,1,25630.583333333332,105.54713769037325,0
56,28621,357,55670,4552765,60,5,75879.41666666667,459.6255080768201,0
24,21820,580,17067,3686013,24,5,153583.875,782.0846700274977,0
35,79192,578,46478,3284983,12,2,273748.5833333333,404.3673392935313,0
52,62529,535,41439,3170111,12,3,264175.9166666667,488.7570833799784,0
38,57800,427,49747,2977512,12,5,248126.0,515.3512110726643,0
34,70043,636,44810,4452430,36,4,123678.61111111111,240.5502492913084,0
21,45399,508,33302,3241310,12,3,270109.1666666667,668.3212552405707,0
40,68838,485,15700,3004066,60,3,50067.76666666667,95.53991496944516,0
30,29002,468,51814,3366966,24,4,140290.25,662.3827667057444,0
30,58098,471,49841,3356394,36,1,93233.16666666667,246.26349730914433,0
44,60511,559,59713,2407273,36,2,66868.69444444444,209.18790706556564,0
54,68243,504,18048,4118427,60,5,68640.45,127.02907257887254,0
48,64595,434,48290,2647100,12,1,220591.66666666666,416.2577082849549,0
47,43750,345,26101,3156165,36,4,87671.25,260.0508571428572,0
21,41074,308,44778,781594,36,2,21710.944444444445,161.87599075922589,0
53,32310,460,42425,1412332,60,2,23538.866666666665,204.15929020942949,0
24,70398,588,56509,2681752,60,2,44695.86666666667,143.76099699802077,0
27,32006,639,32852,635513,12,4,52959.416666666664,268.11040638213666,0
29,24671,620,39500,611315,24,1,25471.458333333332,263.35153959439555,0
36,67189,405,27674,4582564,24,5,190940.16666666666,325.37196068800944,0
25,59345,589,38195,4269421,12,2,355785.0833333333,663.8808380374645,0
54,42894,640,39371,4387239,24,2,182801.625,517.9573483470881,0
43,64385,387,48053,1168975,60,1,19482.916666666668,104.89386761926951,0
45,41193,491,26957,3267244,60,2,54454.066666666666,197.63325484103288,0
33,66843,452,22108,1442871,60,2,24047.85,69.05113474858999,0
44,25222,610,32829,2183534,24,4,90980.58333333333,490.87932492797296,0
31,38786,436,20837,2639890,24,3,109995.41666666667,337.3186630914935,0
37,46509,572,30032,632053,36,1,17557.027777777777,102.32219092600955,0
57,15386,448,49234,4654087,36,1,129280.19444444444,1160.2378424830654,0
33,79334,487,41352,2419359,36,1,67204.41666666667,136.8346694565592,0
47,16634,440,45215,510728,24,4,21280.333333333332,399.7555208208087,0
40,55878,430,24106,2714768,36,4,75410.22222222222,178.09553352343002,0
53,19133,303,56247,2815574,60,5,46926.23333333333,539.242321294796,0
52,57144,562,43766,3419798,24,4,142491.58333333334,325.9442519482944,0
28,53349,325,58048,1538967,12,1,128247.25,349.2010159515642,0
49,49735,323,53700,689007,24,5,28708.625,165.6954358097919,0
39,36952,565,24996,3339593,36,3,92766.47222222222,318.6903881311491,0
26,71436,528,16178,2893399,24,2,120558.29166666667,191.41090159956698,0
59,39816,568,50319,1619525,36,2,44986.805555555555,239.36559562878128,0
41,36529,424,31025,1561999,36,5,43388.86111111111,203.71173892280413,0
42,20767,471,24780,2897358,12,3,241446.5,1281.9689892618096,0
30,56521,533,37706,3295317,12,2,274609.75,552.565860476637,0
30,33383,594,57916,4691533,60,5,78192.21666666666,407.71715144434796,0
49,19901,574,24967,4434147,36,4,123170.75,744.3733983216924,0
36,57889,375,45856,562979,24,1,23457.458333333332,119.73511087310773,0
21,29633,607,52630,1625546,12,3,135462.16666666666,634.7388609545665,0
37,77244,513,24179,2660957,12,2,221746.41666666666,318.37478207584627,0
50,78641,457,53623,4814083,36,1,133724.52777777778,238.23136503576734,0
46,34163,601,32587,2021876,24,5,84244.83333333333,341.9835299397984,0
39,74019,503,38733,3088287,12,2,257357.25,400.0192518137235,0
41,25707,448,37770,4842383,12,1,403531.9166666667,1716.660507514166,0
37,37576,374,48887,863604,24,4,35983.5,225.8635831381733,0
41,33061,528,18975,896605,12,3,74717.08333333333,283.391559037335,0
39,60101,603,27919,2141345,24,5,89222.70833333333,194.90808527866977,0
27,59706,361,24602,4237644,36,2,117712.33333333333,238.35851226565725,0
37,26548,357,49060,990492,12,4,82541.0,495.70965797800216,0
21,30115,573,57154,4480515,36,3,124458.75,603.0640876639549,0
57,24843,407,25140,4769865,24,3,198744.375,901.1970172684458,0
26,51945,486,36170,556625,36,4,15461.805555555555,99.39706527202917,0
46,54979,528,43830,1490055,36,2,41390.416666666664,155.0053959996847,0
22,55641,347,59540,1935079,36,3,53752.194444444445,203.61279352356075,0
52,18841,618,21590,3499494,60,5,58324.9,424.1542380977655,0
25,71250,567,45609,1045255,24,1,43552.291666666664,125.13865497076023,0
57,21416,514,32401,3310860,24,5,137952.5,795.4496638027643,0
51,25633,589,42729,4588284,24,3,191178.5,912.524870284399,0
32,78249,553,52944,4388439,24,1,182851.625,301.3401129726898,0
55,52653,386,43645,1238985,24,4,51624.375,180.9381706645395,0
50,15594,480,44047,4041450,12,1,336787.5,2442.1860972168784,0
26,29393,324,37560,3311047,12,1,275920.5833333333,1066.5144195329954,0
35,50380,521,21647,4753625,12,1,396135.4166666667,829.262438798465,0
35,60056,348,36106,3688930,36,3,102470.27777777778,230.74510086881875,0
36,37743,633,21015,1736236,36,2,48228.77777777778,183.46124520514476,0
40,79828,474,36506,4304178,24,3,179340.75,270.3897755173623,0
33,46971,610,39067,2046593,60,2,34109.88333333333,155.79162320013057,0
51,65648,573,17056,1869951,24,4,77914.625,144.66644071411164,0
54,67707,334,46719,2356560,12,4,196380.0,359.0455935132261,0
49,19861,516,44328,4920047,24,4,205001.95833333334,1255.3746454525622,0
23,52534,508,27176,3857027,36,4,107139.63888888889,255.67373298985206,0
29,51126,459,57771,4596973,24,4,191540.54166666666,487.64139902723986,0
31,29846,306,46885,3929533,12,5,327461.0833333333,1254.258806316871,0
31,41177,568,36269,2501754,24,3,104239.75,341.2311484566627,0
45,48682,425,18114,3253082,36,2,90363.38888888889,222.82853804052607,0
42,33228,624,28442,3526740,60,4,58779.0,262.4924762248706,0
29,49763,389,55151,4099696,12,5,341641.3333333333,797.3641728459564,0
40,39009,341,16629,3977150,24,5,165714.58333333334,467.43977885445236,0
41,15094,458,32927,3359790,36,5,93327.5,836.4548827348616,0
30,56452,501,46317,594328,12,3,49527.333333333336,169.78022626892465,0
42,30100,581,38896,2466845,12,4,205570.41666666666,812.1807862679955,0
49,67221,631,43155,2199219,36,5,61089.416666666664,155.07715842767388,0
29,47917,587,33288,1786916,24,5,74454.83333333333,224.85304450056,0
25,32430,390,36415,561201,24,4,23383.375,184.39215232809127,0
31,50571,424,51085,2513279,24,3,104719.95833333333,308.09151160414723,0
21,69486,425,26251,1235193,12,5,102932.75,185.9133494516881,0
21,39974,351,51884,2998404,60,2,49973.4,254.80912593185568,0
59,46129,402,40574,3498811,12,1,291567.5833333333,720.0277121405912,0
25,62234,486,24623,983121,24,1,40963.375,105.38672590545362,0
42,77294,504,35936,4419059,12,1,368254.9166666667,522.9266394114247,0
46,78635,313,21123,670316,60,3,11171.933333333332,41.069413535109476,0
26,35860,403,18061,1363996,12,5,113666.33333333333,367.3377951292061,0
52,22276,416,55857,1694725,36,1,47075.694444444445,462.07889407633525,0
31,15551,603,51499,3310361,24,1,137931.70833333334,1218.1255760615609,0
30,63248,392,54095,3057814,24,4,127408.91666666667,286.9717883042415,0
59,23486,443,43451,913113,24,5,38046.375,347.00406625223536,0
54,32527,409,31361,3552033,12,5,296002.75,1006.4369600639468,0
51,64607,462,30907,789041,12,4,65753.41666666667,149.61291604108945,0
32,24745,352,49814,4271655,12,5,355971.25,1639.8676500303093,0
36,56128,302,34605,1400281,24,2,58345.041666666664,165.60369453154692,0
58,27997,367,47256,3756846,12,3,313070.5,1287.0182519555665,0
23,33330,545,26332,4373680,24,4,182236.66666666666,625.7685768576857,0
22,70267,437,52832,3153381,12,1,262781.75,449.1635476112542,0
25,55078,607,44476,4839610,24,5,201650.41666666666,446.8688345013738,0
31,70332,586,24445,2148036,36,2,59667.666666666664,119.59373637414924,0
45,53585,365,48490,3031617,12,2,252634.75,561.9571708500513,0
55,69532,646,44767,2902321,24,3,120930.04166666667,238.30328721547875,0
55,70526,624,30210,1040735,36,2,28909.305555555555,83.82625635305499,0
42,39829,454,39159,3862665,36,5,107296.25,367.7100856160084,0
57,58336,386,22564,3303627,60,5,55060.45,133.06440277015906,0
42,23070,332,56043,559834,12,2,46652.833333333336,445.1488224245051,0
31,16320,367,36219,3732094,24,5,155503.91666666666,1174.7727736928105,0
52,38507,486,42946,1700726,60,5,28345.433333333334,185.1388924957367,0
55,53921,491,51587,1455078,12,1,121256.5,320.5495076129894,0
51,21589,512,18364,3384453,36,4,94012.58333333333,520.5270430929331,0
28,79409,387,19318,4667615,12,5,388967.9166666667,514.1557212238747,0
40,42459,407,26479,1873344,24,5,78056.0,246.2022186108952,0
54,30589,539,22398,2768299,36,3,76897.19444444444,324.6107896447888,0
24,51375,515,17452,1642252,60,4,27370.866666666665,87.24645579886456,0
38,58085,476,36672,4075314,12,4,339609.5,647.8118274941895,0
24,75840,352,48193,1393320,12,4,116110.0,216.6442510548523,0
40,58200,629,28865,4287152,60,2,71452.53333333334,172.36689576174115,0
29,48168,348,40345,3070289,12,1,255857.41666666666,614.9360917344848,0
36,41732,413,35359,4494918,12,1,374576.5,982.3049458449152,0
46,46511,394,23799,2733355,12,3,227779.58333333334,540.9012563336272,0
58,37426,324,38053,2065662,36,4,57379.5,254.98984663068453,0
45,45982,431,49892,3212590,36,4,89238.61111111111,302.5762496435804,0
24,74720,478,32684,1999163,24,5,83298.45833333333,155.2227761420414,0
58,31746,444,20015,1237667,12,2,103138.91666666667,387.93522543522545,0
39,43514,497,46665,1827936,24,2,76164.0,282.2746702210783,0
34,79889,624,23657,4473369,36,3,124260.25,185.1534629298151,0
41,18851,383,36951,4999435,12,1,416619.5833333333,2406.082347532403,0
35,34796,456,47063,3535233,24,4,147301.375,558.5825238533165,0
23,25498,384,47743,3106894,12,3,258907.83333333334,1202.6466128062334,0
57,77798,552,41521,1066608,12,2,88884.0,167.61999023111133,0
36,47852,371,25731,4967749,60,2,82795.81666666667,226.79682493243055,0
34,77985,522,33744,2803275,24,2,116803.125,193.04625889594155,0
29,49592,575,33423,4917714,36,4,136603.16666666666,342.84998924557726,0
27,59845,582,32568,2723712,24,4,113488.0,244.0571476313811,0
34,30930,563,18934,1811611,24,4,75483.79166666667,305.2628246578295,0
26,72651,545,26409,2488052,24,5,103668.83333333333,179.0447940611049,0
41,60317,640,46410,2909753,60,1,48495.88333333333,157.34516526573492,0
35,57881,360,45808,1137677,12,2,94806.41666666667,242.93708931543455,0
28,62900,558,23172,3044803,36,2,84577.86111111111,171.3034357887299,0
54,56590,306,42358,783076,60,5,13051.266666666666,97.91353007009482,0
21,36159,487,15777,2863488,36,2,79541.33333333333,263.6088756141855,0
52,44536,303,34763,1302560,60,2,21709.333333333332,126.80153883001017,0
25,39252,530,50186,2619988,12,4,218332.33333333334,684.0882842487857,0
50,39003,432,46170,2451489,36,4,68096.91666666667,292.96955789725575,0
42,55186,424,35461,3688858,24,1,153702.41666666666,342.77428454076517,0
40,50139,314,17439,4973156,60,2,82885.93333333333,200.09360644076136,0
36,54836,312,22804,869625,36,3,24156.25,85.63762856517616,0
27,67452,417,28212,1703880,12,2,141990.0,252.3305461661626,0
27,37205,539,36653,3834066,36,2,106501.83333333333,384.7731039734802,0
22,45523,562,36971,772196,60,1,12869.933333333332,109.48516866931735,0
34,71955,305,16989,2354529,12,3,196210.75,296.2959488569245,0
51,59627,619,22868,2810979,24,2,117124.125,234.7797558153186,0
34,22464,530,57026,3156986,60,3,52616.433333333334,488.0806327160494,0
25,32110,329,48712,657044,60,4,10950.733333333334,185.8073289733209,0
31,61316,321,39604,3901356,12,4,325113.0,594.8153826081284,0
25,22121,455,37135,1495563,60,3,24926.05,280.55264228561094,0
49,24840,417,45544,4627617,36,2,128544.91666666667,700.841049382716,0
31,52080,639,52918,3667758,24,3,152823.25,395.04848310291857,0
25,55768,492,45847,2066509,36,3,57403.02777777778,185.14206673679848,0
52,24461,645,58774,2506456,12,4,208871.33333333334,1094.1716746385405,0
56,35927,494,25680,2578101,60,3,42968.35,191.07732346146352,0
35,39398,467,45083,3735559,24,5,155648.29166666666,509.49614616647204,0
39,48086,538,49433,2575598,12,5,214633.16666666666,549.153946401586,0
42,30329,543,41309,2877351,36,4,79926.41666666667,399.73430270258393,0
54,30791,368,56719,3540149,60,2,59002.48333333333,375.82892187110957,0
37,67627,394,25349,4553344,60,2,75889.06666666667,149.70066196440277,0
32,78349,376,24543,1896629,12,4,158052.41666666666,233.05392113066748,0
45,29372,470,24460,756072,36,2,21002.0,154.78006264469565,0
37,63703,300,49553,4770801,60,1,79513.35,202.60639216363438,0
30,42354,361,43525,675748,36,5,18770.777777777777,147.08357599701984,0
48,63469,506,20948,3878458,24,1,161602.41666666666,287.6213847179988,0
38,59018,453,29498,853784,60,1,14229.733333333334,74.09219786053973,0
38,79900,573,33991,4904421,24,1,204350.875,298.30021902377973,0
52,36537,347,39974,1555677,60,4,25927.95,180.37044639680323,0
34,68286,436,50398,2921791,12,1,243482.58333333334,430.36725439084637,0
36,49370,300,22660,4043687,60,3,67394.78333333334,182.40790628586862,0
38,66408,534,41245,4308102,60,2,71801.7,170.23054451270932,0
36,40405,555,15238,4206196,36,4,116838.77777777778,326.8822615462883,0
37,56815,406,34920,747117,36,3,20753.25,97.99040746281791,0
27,38703,472,24338,2787758,24,3,116156.58333333333,363.00695897820145,0
32,30234,429,57517,4419257,24,5,184135.70833333334,799.2746852329607,0
54,22532,593,25349,4342996,24,5,180958.16666666666,915.6185277235339,0
30,55134,339,26643,2474299,60,3,41238.316666666666,123.12060918247663,0
25,50416,637,43274,3779270,60,5,62987.833333333336,210.7700597693854,0
41,21903,315,55667,909759,24,2,37906.625,427.2183034287541,0
23,33242,426,54913,3765742,12,2,313811.8333333333,1109.213745663117,0
39,65254,648,53629,3986822,12,5,332235.1666666667,591.3264576373351,0
55,28788,502,31632,507749,60,1,8462.483333333334,139.27498726321156,0
26,50249,433,42144,2936746,12,3,244728.83333333334,570.9025718588099,0
34,49588,558,27321,4250559,12,2,354213.25,769.4084254255062,0
24,44513,313,52091,2169351,24,5,90389.625,320.0876710174556,0
38,58039,365,44256,1920947,12,5,160078.91666666666,352.0648472004456,0
49,34542,641,38485,4923520,12,2,410293.3333333333,1299.2250979483913,0
55,47294,494,17860,4510738,60,2,75178.96666666666,196.72467261527183,0
58,74784,413,29919,1140546,60,1,19009.1,65.42589323919555,0
36,18684,458,48337,4326500,60,5,72108.33333333333,644.6442589024477,0
40,38795,460,23411,1561757,12,5,130146.41666666667,395.817545216308,0
44,73599,553,24586,4435565,24,4,184815.20833333334,284.5163770341083,0
55,75301,314,39312,4985136,36,1,138476.0,236.10310620044888,0
39,18651,336,38055,3086849,60,2,51447.48333333333,479.8803460046825,0
24,25431,454,49890,1823659,60,2,30394.316666666666,315.69469020748954,0
53,25131,326,43807,2963448,60,3,49390.8,370.8479567068561,0
22,39091,311,35384,3885162,24,2,161881.75,504.6321403903712,0
33,39845,366,43925,1524204,36,5,42339.0,216.49893336679634,0
50,39491,329,18089,2838299,36,2,78841.63888888889,245.44994780808005,0
54,71033,395,29242,898488,60,5,14974.8,62.248250813002414,0
50,70372,514,54978,1703913,12,5,141992.75,279.89932075257207,0
44,19830,493,31433,2851895,60,1,47531.583333333336,398.20768196335524,0
53,43640,434,48282,4150676,60,2,69177.93333333333,269.1565841735411,0
30,69131,589,25983,1105848,12,1,92154.0,170.8886027975872,0
38,22334,331,58738,2142147,12,5,178512.25,1062.282842303215,0
39,62387,338,58578,509297,60,2,8488.283333333333,107.50041408199355,0
27,67927,505,57797,3512417,24,2,146350.70833333334,300.5398565126288,0
39,24304,342,19671,2530829,24,1,105451.20833333333,514.8214628593372,0
44,62647,636,39133,1738831,12,1,144902.58333333334,293.7659957114201,0
35,32032,558,58209,1111282,60,5,18521.366666666665,239.542852980353,0
43,40755,548,15414,2342653,24,5,97610.54166666667,277.3268106162843,0
24,62353,373,36242,1093982,60,2,18233.033333333333,87.36553707653735,0
58,74486,618,50184,3924658,60,2,65410.96666666667,155.19019234039507,0
24,15016,595,53379,4734997,60,4,78916.61666666667,881.0310113656545,0
25,23308,573,30231,919794,24,4,38324.75,294.1296979577827,0
43,44654,622,36849,3191142,36,3,88642.83333333333,281.03156118899386,0
57,54244,489,56163,3992717,60,5,66545.28333333334,226.21540323968244,0
31,20942,437,46676,1020436,24,3,42518.166666666664,425.9104510871295,0
31,65697,601,37056,2591526,36,3,71986.83333333333,165.9784059140194,0
33,75495,610,56028,3154979,12,1,262914.9166666667,422.4689273020289,0
34,17693,630,34947,4296568,24,1,179023.66666666666,1209.3520978164622,0
28,71751,581,41040,642512,36,4,17847.555555555555,82.07210429897222,0
45,30562,465,40282,3536753,24,3,147364.70833333334,613.9870045590385,0
38,68241,577,41201,2277639,36,4,63267.75,153.0879529901379,0
38,21259,325,21833,4852183,36,5,134782.86111111112,736.7038012658692,0
30,69210,372,19752,1200662,24,2,50027.583333333336,100.822978374994,0
27,63347,414,39507,1163399,12,1,96949.91666666667,215.41180587346943,0
34,57236,350,35169,2406847,60,5,40114.11666666667,131.53105854124445,0
35,67392,470,59746,1776828,36,5,49356.333333333336,161.89211380183605,0
36,19942,567,56495,4024673,60,1,67077.88333333333,619.6614348276669,0
22,62419,302,39930,4664513,12,1,388709.4166666667,686.7130467752875,0
50,51556,509,20023,2445853,60,3,40764.21666666667,117.90522279980344,0
50,71105,637,15982,3176853,60,4,52947.55,96.94051051262218,0
38,15371,600,29305,1090246,24,5,45426.916666666664,486.18773447834667,0
51,42383,641,31146,4201291,24,3,175053.79166666666,486.515328472894,0
33,38404,414,26201,3985393,12,3,332116.0833333333,933.0202149081692,0
40,22120,466,31910,2327346,24,5,96972.75,582.6525768535262,0
55,20702,564,38031,4678010,36,5,129944.72222222222,811.3985229553773,0
43,23347,526,38636,817332,12,2,68111.0,457.21934295626846,0
53,50429,450,32314,4916728,24,4,204863.66666666666,470.31998783768597,0
58,71332,567,42332,4114430,24,5,171434.58333333334,299.6783818389129,0
55,54419,415,33330,1335681,12,1,111306.75,265.78354986309927,0
56,40040,387,30365,3155687,36,2,87657.97222222222,294.7626678876679,0
40,52646,617,58501,963378,12,4,80281.5,263.61451962162363,0
23,60859,541,25108,1797983,24,1,74915.95833333333,164.35360149416408,0
28,52083,628,18360,767587,24,1,31982.791666666668,96.65877861618316,0
52,37542,632,57553,4301167,12,4,358430.5833333333,1108.0485411894233,0
49,57733,339,55880,1692549,36,2,47015.25,178.22605788717024,0
27,23308,481,18625,4893135,36,1,135920.41666666666,663.0573908815285,0
22,54242,508,53237,4868108,60,3,81135.13333333333,247.72709954156068,0
41,74447,572,16223,750278,36,4,20841.055555555555,49.78582824768702,0
26,49142,418,54878,648579,12,4,54048.25,221.6561190020756,0
48,59163,323,24157,3903154,36,5,108420.94444444444,224.08928628440822,0
56,45690,557,52760,4991839,36,2,138662.19444444444,418.95862211522086,0
52,22393,391,28646,4204187,60,3,70069.78333333334,440.8332216913024,0
29,19403,460,59638,4439645,36,3,123323.47222222222,942.9545545648725,0
31,18546,448,44024,2445112,60,5,40751.86666666667,457.11132679104213,0
43,51745,416,19787,1774968,60,1,29582.8,95.40979804812059,0
31,43893,352,38202,2839326,36,1,78870.16666666667,266.72172480046174,0
22,24388,601,58908,590153,24,3,24589.708333333332,342.37210240008744,0
23,67563,344,51067,2686516,12,2,223876.33333333334,406.94364272358155,0
31,56756,564,24360,1664501,12,1,138708.41666666666,287.3148507059459,0
55,77969,561,47692,4704262,36,4,130673.94444444444,228.76520725473512,0
35,51660,606,54219,1635736,12,5,136311.33333333334,368.81597625500063,0
31,38708,533,27941,2350501,12,2,195875.08333333334,578.2166046639799,0
51,39726,334,30993,3819601,60,1,63660.01666666667,238.26465455033645,0
48,29008,637,29620,4977647,24,3,207401.95833333334,817.0916930961574,0
48,51017,496,35193,2836114,12,5,236342.83333333334,532.2457873519286,0
52,77996,324,36248,2531872,24,1,105494.66666666667,181.73068704378005,0
45,15111,501,20027,2365501,12,3,197125.08333333334,1437.0464121059713,0
40,64834,572,19260,3956874,24,1,164869.75,284.00183545670484,0
48,32545,335,52596,2620883,24,5,109203.45833333333,497.1561171710964,0
45,55168,522,56540,2735300,12,4,227941.66666666666,515.6642739752513,0
31,17379,576,24012,2336079,60,4,38934.65,362.19949364175153,0
39,45237,317,40823,1386358,24,3,57764.916666666664,217.93646056694,0
48,60948,487,23315,541410,24,4,22558.75,75.26703091159676,0
21,36810,556,27631,2303137,12,5,191928.08333333334,596.4658607262519,0
25,56120,441,33258,1381380,24,3,57557.5,161.8237704918033,0
30,32809,435,40099,4922747,24,1,205114.45833333334,747.3969286882665,0
54,67813,606,50891,3686769,60,2,61446.15,165.65724861014849,0
56,23469,378,51992,1980341,24,1,82514.20833333333,573.1228784069765,0
22,42967,591,46376,1339528,60,5,22325.466666666667,159.89356172566545,0
38,24748,361,25977,3044955,24,3,126873.125,617.6261718118636,0
33,38424,428,41694,2246075,24,1,93586.45833333333,352.0728147338469,0
25,35976,640,48978,2422761,60,3,40379.35,248.38044807649547,0
40,38914,597,24218,1261752,60,4,21029.2,116.27486251734594,0
22,45067,556,36788,4576372,36,2,127121.44444444444,363.70169845883777,0
31,57875,511,35501,2039914,24,5,84996.41666666667,208.20287976961845,0
50,27942,353,27453,3807408,60,1,63456.8,325.3518001574691,0
52,34491,474,53197,1389297,24,2,57887.375,322.0677133165173,0
52,64454,399,30210,3955159,24,5,164798.29166666666,302.5542117892864,0
58,19533,338,23689,1057715,24,5,44071.458333333336,346.90246420587386,0
48,66925,562,42381,2067909,12,4,172325.75,320.81695928277924,0
30,38583,449,44508,4122986,36,3,114527.38888888889,412.19031409918585,0
42,52049,420,57653,3513433,12,3,292786.0833333333,673.2868707051688,0
37,42821,477,36142,2578386,36,2,71621.83333333333,251.66117870515245,0
42,45261,600,55950,4524822,24,4,188534.25,540.1653741631868,0
39,52536,629,23916,2352978,24,5,98040.75,232.1393901324806,0
37,44945,419,15375,3628662,60,4,60477.7,168.7678273445322,0
44,32384,371,46449,3275883,36,4,90996.75,424.4248703063241,0
56,43410,518,38797,1512986,36,2,42027.38888888889,186.18841024853467,0
52,27198,601,35782,720967,12,3,60080.583333333336,352.4618844522882,0
56,78766,422,42028,4928929,36,4,136914.69444444444,227.18266059523708,0
48,44354,543,35243,610949,24,4,25456.208333333332,136.85171198388718,0
34,65870,374,44379,1675471,60,4,27924.516666666666,109.76699053691614,0
56,22169,305,52780,4778108,12,1,398175.6666666667,2034.1723427609124,0
26,55129,320,45740,2279182,60,4,37986.36666666667,151.8735450791175,0
29,46909,489,34984,2594035,36,4,72056.52777777778,228.18761384335153,0
41,18830,524,15050,2454769,36,5,68188.02777777778,442.0500678586181,0
32,71306,402,21590,4677683,12,1,389806.9166666667,576.9457221926159,0
50,36404,643,55205,4000321,36,4,111120.02777777778,456.88668217167833,0
51,42757,398,30162,3950902,60,4,65848.36666666667,224.54888478299847,0
24,78867,617,28105,3445829,24,2,143576.20833333334,217.684466675965,0
51,50650,382,52499,3307979,12,2,275664.9166666667,647.9050674564002,0
47,48766,480,51641,1059421,36,1,29428.36111111111,166.2415640222924,0
45,30942,451,26628,2509885,60,5,41831.416666666664,221.25078103117656,0
25,47419,355,57032,1696886,24,1,70703.58333333333,269.3763751520136,0
26,31668,489,53516,3693973,36,1,102610.36111111111,493.00985572537303,0
25,31246,321,36621,1881194,12,2,156766.16666666666,618.9181548571551,0
47,39996,367,16476,2824962,36,2,78471.16666666667,237.39165583224994,0
28,66312,484,55800,3862313,36,5,107286.47222222222,245.93809902012035,0
29,18065,309,50788,4752508,36,4,132014.11111111112,1011.9131531199066,0
35,25467,365,39437,3534725,24,5,147280.20833333334,733.173158728289,0
56,65646,563,41240,4176862,24,4,174035.91666666666,327.93455300652994,0
27,59844,524,25922,1832460,36,3,50901.666666666664,128.37321480293204,0
52,36007,422,23066,1088162,36,2,30226.722222222223,148.00656045275147,0
28,17543,337,27089,3743389,12,3,311949.0833333333,1932.6117729768757,0
35,43702,422,47600,3312194,36,3,92005.38888888889,319.4485123996359,0
57,43833,617,23167,4717274,60,2,78621.23333333334,232.21826781952717,0
39,25033,455,27816,3525551,60,3,58759.183333333334,345.84421896430047,0
59,68952,600,36164,915474,12,1,76289.5,163.0895405499478,0
26,73065,620,35429,3703028,24,4,154292.83333333334,259.66171673623944,0
39,49169,366,50001,4756219,36,5,132117.19444444444,370.39230906555844,0
48,31829,432,46415,1688092,12,2,140674.33333333334,587.795197251982,0
37,75135,439,23117,3196587,24,1,133191.125,208.03636787116523,0
39,19522,381,21359,2148928,12,5,179077.33333333334,1026.720281391934,0
51,35151,357,29364,2582003,24,5,107583.45833333333,389.5976169478345,0
31,50319,448,51965,566535,36,5,15737.083333333334,134.5457646879575,0
35,69798,430,43794,4173776,12,3,347814.6666666667,561.060011270619,0
30,41543,368,25293,1389147,36,3,38587.416666666664,153.7693875422253,0
43,68040,644,24332,2460499,12,3,205041.58333333334,337.11578973153047,0
23,52584,549,15615,2029269,24,3,84552.875,190.49116651452914,0
23,66883,619,27401,4589254,12,1,382437.8333333333,612.7698119601891,0
38,45473,476,56936,2782728,60,3,46378.8,227.2003166714314,0
45,22699,371,44372,1679568,60,2,27992.8,318.80170932640203,0
40,17629,316,57276,674953,12,5,56246.083333333336,643.9507818556546,0
49,55455,628,17339,4075395,60,1,67923.25,153.7503381119827,0
42,25156,459,31246,3041781,36,3,84493.91666666667,460.0887130969418,0
35,32441,369,23109,3344569,60,5,55742.816666666666,243.06222578424422,0
59,45716,412,38758,3970150,60,1,66169.16666666667,229.5195700994546,0
30,77175,531,38091,2186150,36,5,60726.38888888889,128.04326386639312,0
41,21834,320,58056,1424399,36,1,39566.63888888889,447.1129380273376,0
49,73101,434,28317,1600718,24,4,66696.58333333333,129.97576412543376,0
52,33179,562,31762,2514901,36,1,69858.36111111111,306.27915582480216,0
30,41219,410,18465,4792116,12,3,399343.0,1013.6296368179723,0
33,52617,545,40622,2761854,60,5,46030.9,164.6861280574719,0
43,30782,582,21800,4240079,24,5,176669.95833333334,644.759789270786,0
43,30827,307,50539,2203854,36,5,61218.166666666664,362.53014132632643,0
51,72367,583,51651,1828323,60,2,30472.05,113.48135199745741,0
24,24431,506,17600,1650675,12,2,137556.25,635.0794073103843,0
23,51918,493,20518,2522601,12,3,210216.75,444.4214915828807,0
41,59057,346,34627,4893834,24,4,203909.75,403.909358755101,0
22,24496,641,44369,3870116,12,2,322509.6666666667,1497.7084694099717,0
24,38331,541,46445,1336746,60,1,22279.1,179.29117424538887,0
21,54238,309,31689,4871100,36,3,135308.33333333334,307.8972921813735,0
35,61025,588,30923,4394764,12,4,366230.3333333333,650.8043151713778,0
53,78673,430,53469,4973678,36,1,138157.72222222222,243.57368121493042,0
26,74886,569,45403,4524389,60,5,75406.48333333334,161.32452438818115,0
27,38563,601,15958,2931791,60,2,48863.183333333334,168.0916508916146,0
39,18712,360,55363,2960686,36,1,82241.27777777778,735.3798513134768,0
21,43531,463,18538,4081674,60,4,68027.9,198.8603523925478,0
59,60489,312,38404,2551283,24,3,106303.45833333333,239.22937779320756,0
39,47664,571,24983,2417953,12,1,201496.08333333334,475.1575262951774,0
46,60263,507,50371,1468015,24,3,61167.291666666664,185.08585975916674,0
32,27420,545,39642,1407233,24,5,58634.708333333336,358.4125030391442,0
42,69610,432,28467,4162384,24,4,173432.66666666666,290.0440549729445,0
33,20315,543,15205,1170797,36,4,32522.13888888889,234.93546093472256,0
48,20381,593,42409,1630523,36,2,45292.305555555555,430.3091386858131,0
34,24497,337,27442,4687056,60,4,78117.6,430.9082744825897,0
42,44040,355,41290,3985256,36,1,110701.55555555556,345.1216066202442,0
50,67326,618,41108,1821975,60,1,30366.25,106.16143837447642,0
40,47375,347,20691,1145148,36,1,31809.666666666668,110.81934916446792,0
47,28494,404,53909,3516635,60,5,58610.583333333336,394.8886900166117,0
58,78910,358,34504,4060249,12,4,338354.0833333333,472.5105605542178,0
54,46752,376,45162,3195983,60,4,53266.38333333333,210.53298967602097,0
59,75972,517,54496,3680822,12,1,306735.1666666667,475.47934326681764,0
57,70539,354,53798,1452602,60,2,24210.033333333333,110.58851604549729,0
21,40357,354,36551,2898901,36,2,80525.02777777778,290.1009187446485,0
35,70919,428,28383,1672685,36,4,46463.47222222222,105.53796898182746,0
52,31950,384,31496,2791625,12,4,232635.41666666666,826.7023995826811,0
28,30752,513,56716,4594409,24,3,191433.70833333334,806.938437608394,0
53,52390,414,24088,2370305,24,4,98762.70833333333,234.49266717566965,0
38,19132,613,42444,2708665,60,1,45144.416666666664,457.81108439612507,0
49,76617,592,39734,536680,36,5,14907.777777777777,71.31808577440748,0
52,56598,348,56745,2648196,24,4,110341.5,295.21626205872997,0
53,43276,366,49571,1514279,36,4,42063.305555555555,211.74393556603098,0
25,54763,574,41415,1199444,36,1,33317.88888888889,136.46602430270235,0
38,35551,428,30389,2949798,36,3,81938.83333333333,315.96251394709947,0
30,41975,328,42744,1109026,60,4,18483.766666666666,145.867222553107,0
56,17670,642,33682,1706093,12,2,142174.41666666666,995.2259007734389,0
53,24364,332,49310,1653109,60,2,27551.816666666666,315.472897170689,0
43,41296,418,22259,1422809,24,2,59283.708333333336,197.45909611907533,0
25,39680,479,27546,689932,12,5,57494.333333333336,214.31535618279574,0
54,33066,450,17154,548648,24,5,22860.333333333332,121.01352849855841,0
44,43892,432,23766,2791314,12,4,232609.5,584.1053039278228,0
37,25041,626,26230,3873721,12,4,322810.0833333333,1393.8743793511974,0
51,24054,484,32765,1389936,60,4,23165.6,232.52099442920095,0
27,26637,433,20902,4989510,36,5,138597.5,598.7892780718549,0
37,25757,476,16222,2930929,36,4,81414.69444444444,379.0685811408333,0
48,79771,321,42050,2570796,12,1,214233.0,321.273395093455,0
58,56258,540,49269,2114468,60,3,35241.13333333333,150.21887257515968,0
42,42484,376,24050,4726425,24,2,196934.375,520.159059881367,0
35,27329,503,18574,4611735,24,2,192155.625,771.0842877529365,0
57,48538,303,51497,3246455,36,1,90179.30555555556,291.88739864756593,0
35,79384,627,26157,1524583,36,4,42349.52777777778,86.29765163984906,0
45,42115,464,34575,1548120,24,5,64505.0,235.26059598717794,0
41,41038,427,55244,3691963,24,4,153831.79166666666,509.46876472212745,0
58,51622,344,32945,1681296,60,4,28021.6,118.10197202743015,0
22,50886,517,29962,3104590,24,2,129357.91666666667,313.0918458253089,0
47,66284,534,50290,3078669,60,2,51311.15,153.2815611610645,0
52,24901,435,50159,4369005,36,5,121361.25,688.8086823822337,0
41,71377,467,39852,3137929,24,2,130747.04166666667,239.01122443737717,0
24,32374,536,45684,3023517,36,4,83986.58333333333,400.53927019624797,0
39,64862,392,59842,3541968,12,1,295164.0,547.3250901914835,0
22,68456,304,26796,4076068,12,5,339672.3333333333,535.3341318998091,0
46,69519,455,39450,2598468,12,1,216539.0,368.22882952861806,0
54,61290,544,49846,1488494,24,4,62020.583333333336,182.52012291292763,0
34,47806,380,32504,560046,36,5,15556.833333333334,100.53305721736463,0
35,32659,546,45041,3462227,24,1,144259.45833333334,579.62723394266,0
40,63770,642,25715,3584266,36,5,99562.94444444444,196.45279040998028,0
54,38453,436,36803,4649956,60,4,77499.26666666666,297.25188325141517,0
56,45498,362,18370,2712746,24,5,113031.08333333333,288.80628452532704,0
39,19857,606,16908,1008566,12,4,84047.16666666667,508.4109717815716,0
29,31312,415,52075,3275614,60,5,54593.566666666666,340.663536876171,0
27,16436,412,36134,2333601,36,5,64822.25,614.2385616938427,0
50,42569,330,59065,4033654,24,2,168068.91666666666,533.5664842177797,0
33,73813,306,18587,3546613,36,4,98517.02777777778,158.64959800817985,0
47,66251,302,45023,3003240,36,3,83423.33333333333,193.87833139625565,0
55,39949,606,17413,1074382,24,5,44765.916666666664,155.6457399851477,0
33,22693,542,40038,4291119,24,1,178796.625,964.3265544441016,0
35,60986,355,37555,4582925,36,2,127303.47222222222,270.3218316043391,0
29,52019,372,25952,1253523,36,2,34820.083333333336,116.8267043452072,0
43,68177,309,18457,2640829,60,5,44013.816666666666,91.6303396551134,0
56,78005,360,23464,4623244,12,3,385270.3333333333,523.9847872999594,0
23,24305,349,16150,4573992,36,2,127055.33333333333,589.2011245971336,0
54,47646,421,47264,3004037,12,4,250336.41666666666,624.6073472414612,0
39,42302,474,55222,3109855,60,5,51830.916666666664,253.06821584479852,0
48,25590,300,59349,1573799,12,5,131149.91666666666,744.4271850983457,0
43,70364,337,47786,3051034,12,3,254252.83333333334,429.25193754381985,0
27,67386,489,24808,3017850,60,4,50297.5,111.45564360549669,0
32,73609,378,53345,3443953,36,4,95665.36111111111,202.4349754936368,0
34,55430,644,19081,3286655,12,3,273887.9166666667,528.5385471164833,0
35,71702,637,54222,1703888,36,1,47330.22222222222,141.630947842769,0
23,18123,489,23933,772159,36,4,21448.86111111111,250.41031347520337,0
35,64805,483,17671,3465748,24,1,144406.16666666666,250.09978653910449,0
44,19158,366,58739,4626255,36,1,128507.08333333333,977.378031805686,0
28,23700,316,46217,2648652,36,5,73573.66666666667,505.4458509142053,0
25,25531,615,54155,4381684,12,5,365140.3333333333,1642.2989045996371,0
24,42738,595,54601,4918349,36,2,136620.80555555556,447.4280629780419,0
34,24879,508,34008,3302143,36,5,91726.19444444444,505.3828306782606,0
36,20543,644,36883,1493694,24,4,62237.25,482.5013386555031,0
40,61748,340,48282,2267588,24,4,94482.83333333333,231.20559910172526,0
44,62924,414,47974,4876463,12,1,406371.9166666667,722.0550452397601,0
26,57348,399,48715,710861,12,4,59238.416666666664,188.24268791704446,0
51,33581,644,58401,3438493,24,5,143270.54166666666,600.5525197780491,0
26,51679,648,30380,2346573,24,5,97773.875,247.9805627043867,0
55,28582,438,33212,4984045,60,5,83067.41666666667,406.8274321834255,0
35,58888,615,43174,724376,36,3,20121.555555555555,107.4846412776042,0
49,45276,623,21861,2138487,12,4,178207.25,441.8858777277145,0
23,53003,633,21094,1378269,12,2,114855.75,256.4944437107334,0
31,19799,601,54113,549314,36,4,15258.722222222223,350.37992940159717,0
23,40091,593,39363,2288204,36,4,63561.22222222222,256.7265027617725,0
48,43234,316,37310,3975829,12,3,331319.0833333333,852.6370063684446,0
30,61993,621,54300,3830250,24,4,159593.75,345.0288742277354,0
53,74177,591,20943,1929911,24,1,80412.95833333333,136.64068152302374,0
36,69512,373,29569,828897,36,5,23024.916666666668,75.66163636014885,0
30,39605,562,57616,2894538,12,5,241211.5,754.5196313596767,0
53,75558,315,23793,3777729,36,3,104936.91666666667,170.37231883674352,0
56,64477,313,53207,868406,24,5,36183.583333333336,138.63948901675533,0
23,51534,635,40287,3899996,60,1,64999.933333333334,204.30576577275846,0
25,46668,580,48971,3483390,60,3,58056.5,229.338090340276,0
32,19111,303,57351,2958020,24,2,123250.83333333333,945.0150872970191,0
33,39686,426,46369,2086444,36,5,57956.77777777778,262.8780370351705,0
44,22015,611,38023,4274150,60,4,71235.83333333333,496.29267923385567,0
52,21856,305,38897,2614985,24,1,108957.70833333333,676.4948221693509,0
36,31490,428,38010,4266437,12,1,355536.4166666667,1249.7504498782685,0
52,50194,531,55154,3192787,36,5,88688.52777777778,286.5731517268554,0
57,29497,612,50899,1622731,36,2,45075.86111111111,325.37160087843205,0
56,68530,494,35114,3473375,60,4,57889.583333333336,135.71221849311738,0
41,68516,364,34050,614527,36,2,17070.194444444445,74.61059379479894,0
32,66683,620,36125,3322097,60,2,55368.28333333333,137.2063094541837,0
41,38194,402,43558,3112705,60,5,51878.416666666664,249.8727985198373,0
41,59104,576,59846,4157202,24,4,173216.75,394.32652612344344,0
26,20316,457,35396,1226272,60,5,20437.866666666665,274.82706569534685,0
29,53130,523,42125,2806142,12,5,233845.16666666666,519.4243679026287,0
21,19693,588,37580,1446363,36,1,40176.75,394.8446148377596,0
32,56758,577,53973,639648,60,5,10660.8,113.87610557102083,0
34,44954,481,38574,939090,36,3,26085.833333333332,143.8355504144978,0
26,62901,303,39619,2018991,60,4,33649.85,116.48280631468499,0
21,36652,514,28869,3944217,24,1,164342.375,527.150974025974,0
42,29178,516,15658,4415534,12,4,367961.1666666667,1314.7548381200447,0
54,58397,508,27122,1355860,36,1,37662.77777777778,110.9385375580557,0
31,66163,373,58827,4698625,24,3,195776.04166666666,384.81181576812816,0
23,29751,526,28335,3623544,36,5,100654.0,433.56189707908976,0
26,15425,392,36677,4331657,24,1,180485.70833333334,1407.8619665045921,0
26,18044,364,43223,3291108,12,1,274259.0,1759.487918421636,0
40,78165,620,44814,815111,60,1,13585.183333333332,74.71270176336382,0
41,26480,309,33075,3285575,24,3,136898.95833333334,641.895613041289,0
22,58874,602,58185,4585572,36,4,127377.0,315.18497129462924,0
46,53997,621,26258,4507883,36,3,125218.97222222222,280.5284964391026,0
51,16239,604,45527,612620,24,1,25525.833333333332,437.54438902231254,0
46,21566,577,25139,3376137,12,1,281344.75,1421.1432347213206,0
52,34775,385,57325,4272674,12,5,356056.1666666667,1188.730889048646,0
30,51981,325,55503,1606571,60,3,26776.183333333334,158.2870343651206,0
43,68149,517,34514,630112,60,3,10501.866666666667,66.05506561602763,0
26,18006,394,35917,2291770,36,2,63660.27777777778,553.0227578461501,0
43,22025,543,44097,1282129,36,4,35614.694444444445,361.91461722789757,0
48,34423,406,32788,1433580,60,2,23893.0,164.66025622403626,0
50,54326,547,40061,2259775,60,2,37662.916666666664,143.0694633631533,0
34,40174,313,24947,2078256,60,4,34637.6,148.3163239906407,0
57,41663,460,30544,2065474,24,5,86061.41666666667,279.87762923137234,0
52,48952,370,35014,4118789,60,5,68646.48333333334,211.75944462602826,0
54,42326,451,29795,524809,24,4,21867.041666666668,122.05746271007578,0
42,66736,374,47632,1123761,24,4,46823.375,141.53586520019178,0
51,46139,514,34352,4623053,60,3,77050.88333333333,241.45058049228058,0
27,77103,350,38653,3064527,12,3,255377.25,381.3473535400698,0
41,62198,442,16579,4688656,12,3,390721.3333333333,654.8447431321479,0
36,75857,335,46758,1098998,36,3,30527.722222222223,101.88344150470256,0
40,23102,466,58755,3828996,60,1,63816.6,530.5670504718207,0
39,61637,535,53760,3698804,36,1,102744.55555555556,253.91332406761452,0
52,22116,559,47818,785498,60,5,13091.633333333333,275.4098088864774,0
35,27937,491,21452,3953705,36,1,109825.13888888889,469.9042090735901,0
25,76398,501,52921,4282379,24,1,178432.45833333334,302.8265901376127,0
31,45161,561,30340,2959288,60,3,49321.46666666667,176.39438158292924,0
35,19383,484,17787,2442849,12,3,203570.75,1142.0200691327452,0
49,35320,457,30839,1649302,60,4,27488.366666666665,165.13976972442433,0
24,65851,545,17155,2978491,36,3,82735.86111111111,151.69224630014898,0
56,19507,409,22019,1530412,36,4,42511.444444444445,330.8066050363687,0
43,29735,398,35614,668561,36,4,18571.13888888889,182.22679969358967,0
35,74919,540,41190,3896859,36,1,108246.08333333333,199.4635317253745,0
23,44713,501,55375,2443181,36,3,67866.13888888889,275.627085833849,0
52,31519,421,25928,1085698,36,1,30158.277777777777,177.94434397594395,0
30,17025,416,23598,4688004,12,3,390667.0,2433.274596182085,0
58,34919,395,59339,4253422,36,1,118150.61111111111,508.28950173576317,0
42,52622,533,35581,4886059,12,1,407171.5833333333,841.3830400466218,0
34,53135,366,59655,1836712,60,1,30611.866666666665,169.88212414917976,0
37,50658,517,28919,1578009,24,5,65750.375,186.87941687393896,0
41,34141,314,53180,2262671,12,1,188555.91666666666,708.0516583189323,0
35,44696,572,19499,3262282,60,2,54371.36666666667,165.27288049639043,0
35,18773,518,52677,2928581,24,2,122024.20833333333,930.5982439318879,0
21,39956,573,58862,1396553,12,2,116379.41666666667,438.58598625154343,0
44,70804,446,40602,1753039,12,4,146086.58333333334,263.6695431519877,0
32,30819,631,44692,523439,60,1,8723.983333333334,173.3215981483284,0
30,16528,643,55422,1906546,36,2,52959.61111111111,655.7454689684844,0
51,77245,451,36760,3001469,12,4,250122.41666666666,371.3928625369495,0
31,35955,646,17920,1117064,12,2,93088.66666666667,308.7433365781301,0
36,59588,603,39085,1986709,60,3,33111.816666666666,121.15999306348033,0
29,20049,314,37925,744361,36,5,20676.694444444445,292.2923559501444,0
34,48616,383,20615,1982988,24,1,82624.5,212.35704294882342,0
39,77336,491,52083,1406030,36,5,39056.38888888889,117.84859430134593,0
51,35511,340,17783,3294399,36,5,91511.08333333333,307.7752902856392,0
29,25119,623,24605,3369595,60,3,56159.916666666664,321.52918773305726,0
56,25357,560,59608,4457396,36,3,123816.55555555556,723.3685197600488,0
59,31167,608,34192,2289806,60,3,38163.433333333334,232.153987657886,0
46,71503,435,18331,2040545,24,4,85022.70833333333,144.54457621824724,0
28,60246,577,46856,1467035,12,2,122252.91666666667,280.6973353694298,0
44,70018,405,17846,580570,12,1,48380.833333333336,94.58543993449305,0
28,37253,306,48697,4426427,60,3,73773.78333333334,328.7541495539509,0
39,49889,601,52586,1452573,60,1,24209.55,153.93283088456374,0
50,60678,329,50030,2277182,36,1,63255.055555555555,186.69873027383164,0
42,44798,425,27775,1193920,36,1,33164.444444444445,136.03161847503114,0
29,75262,378,22549,935643,12,3,77970.25,133.5591002099333,0
24,19681,366,37437,3509192,12,3,292432.6666666667,1676.0818386599599,0
57,29755,322,38958,3575152,12,2,297929.3333333333,1132.204111353834,0
